Date,USD_Price,BTC_High,ETH_High,Gold_USD,SPX_High
2016-05-09,94.13,462.480988,12.0,"1,265.3",2064.149902
2016-05-10,94.29,461.928986,9.98,"1,262.8",2084.870117
2016-05-11,93.82,454.575989,10.47,"1,276.9",2083.290039
2016-05-12,94.15,454.949005,12.0,"1,279.3",2073.98999
2016-05-13,94.61,457.054993,11.59,"1,265.9",2066.790039
2016-05-14,94.61,456.835999,10.98,"1,265.9",2066.790039
2016-05-15,94.61,458.691986,10.59,"1,265.9",2066.790039
2016-05-16,94.57,458.200012,11.41,"1,285.8",2071.879883
2016-05-17,94.55,455.071991,12.49,"1,277.0",2065.689941
2016-05-18,95.08,455.997986,14.0,"1,272.9",2060.610107
2016-05-19,95.29,454.632996,14.5,"1,246.3",2044.209961
2016-05-20,95.33,444.053986,14.77,"1,254.2",2058.350098
2016-05-21,95.33,443.778015,13.98,"1,254.2",2058.350098
2016-05-22,95.33,443.427002,14.45,"1,254.2",2058.350098
2016-05-23,95.23,444.345001,14.43,"1,245.9",2055.580078
2016-05-24,95.57,447.100006,13.79,"1,236.9",2079.669922
2016-05-25,95.35,450.298004,12.89,"1,220.6",2094.72998
2016-05-26,95.17,453.644012,12.9,"1,223.9",2094.300049
2016-05-27,95.52,478.148987,12.61,"1,216.3",2099.060059
2016-05-28,95.52,533.473022,12.27,"1,216.3",2099.060059
2016-05-29,95.52,553.960022,12.73,"1,216.3",2099.060059
2016-05-30,95.52,544.348999,12.79,"1,216.3",2099.060059
2016-05-31,95.89,546.617981,14.35,"1,212.1",2103.47998
2016-06-01,95.45,543.080017,14.35,"1,214.5",2100.969971
2016-06-02,95.56,540.35199,14.13,"1,212.4",2105.26001
2016-06-03,94.03,574.638,16.05,"1,240.5",2104.070068
2016-06-04,94.03,590.132019,14.16,"1,240.5",2104.070068
2016-06-05,94.03,582.807983,13.92,"1,240.5",2104.070068
2016-06-06,93.9,586.469971,14.4,"1,244.0",2113.360107
2016-06-07,93.83,590.258972,14.64,"1,241.0",2119.219971
2016-06-08,93.59,582.838989,14.73,"1,263.0",2120.550049
2016-06-09,93.95,582.203003,14.55,"1,263.9",2117.639893
2016-06-10,94.57,579.127014,14.47,"1,275.5",2109.570068
2016-06-11,94.57,607.116028,14.16,"1,275.5",2109.570068
2016-06-12,94.57,684.843994,15.75,"1,275.5",2109.570068
2016-06-13,94.36,716.004028,17.64,"1,280.8",2098.120117
2016-06-14,94.93,704.504028,19.07,"1,287.2",2081.300049
2016-06-15,94.61,696.302979,19.06,"1,283.3",2085.649902
2016-06-16,94.57,773.721985,25.05,"1,310.8",2079.620117
2016-06-17,94.21,775.356018,21.44,"1,290.7",2078.199951
2016-06-18,94.21,777.98999,15.67,"1,290.7",2078.199951
2016-06-19,94.21,766.620972,15.55,"1,290.7",2078.199951
2016-06-20,93.61,764.083984,12.6,"1,281.8",2100.659912
2016-06-21,94.02,735.882996,12.97,"1,272.6",2093.659912
2016-06-22,93.72,678.669983,15.75,"1,264.9",2099.709961
2016-06-23,93.53,629.327026,14.79,"1,262.2",2113.320068
2016-06-24,95.45,681.72699,14.35,"1,315.5",2103.810059
2016-06-25,95.45,691.731018,14.8,"1,315.5",2103.810059
2016-06-26,95.45,665.97998,14.51,"1,315.5",2103.810059
2016-06-27,96.54,655.275024,15.72,"1,324.6",2031.449951
2016-06-28,96.25,659.247986,15.29,"1,309.7",2036.089966
2016-06-29,95.77,644.682007,13.0,"1,321.5",2073.129883
2016-06-30,96.14,675.403015,12.95,"1,320.8",2098.939941
2016-07-01,95.65,686.153992,12.5,"1,340.0",2108.709961
2016-07-02,95.65,703.702026,12.26,"1,340.0",2108.709961
2016-07-03,95.65,704.968018,12.37,"1,340.0",2108.709961
2016-07-04,95.65,683.661987,11.89,"1,350.8",2108.709961
2016-07-05,96.17,683.491028,11.99,"1,350.8",2095.050049
2016-07-06,96.05,681.89801,11.9,"1,366.3",2100.719971
2016-07-07,96.33,682.432007,11.0,"1,356.7",2109.080078
2016-07-08,96.3,666.70697,11.88,"1,354.3",2131.709961
2016-07-09,96.3,666.383972,11.88,"1,354.3",2131.709961
2016-07-10,96.3,652.294006,11.2,"1,354.3",2131.709961
2016-07-11,96.57,659.629028,11.13,"1,357.1",2143.159912
2016-07-12,96.44,675.258972,11.35,"1,342.4",2155.399902
2016-07-13,96.22,668.700012,11.3,"1,342.8",2156.449951
2016-07-14,96.08,662.901978,11.71,"1,323.6",2168.98999
2016-07-15,96.58,667.077026,12.98,"1,327.0",2169.050049
2016-07-16,96.58,666.460022,12.21,"1,327.0",2169.050049
2016-07-17,96.58,682.36499,11.8,"1,327.0",2169.050049
2016-07-18,96.56,681.554993,11.79,"1,334.7",2168.350098
2016-07-19,97.06,673.276978,13.47,"1,330.9",2164.629883
2016-07-20,97.2,672.929016,14.0,"1,315.9",2175.629883
2016-07-21,97.0,666.218994,13.1,"1,321.2",2174.560059
2016-07-22,97.47,666.583008,14.82,"1,320.8",2175.110107
2016-07-23,97.47,656.366028,15.72,"1,320.8",2175.110107
2016-07-24,97.47,663.109985,15.0,"1,320.8",2175.110107
2016-07-25,97.29,661.828003,13.75,"1,313.2",2173.709961
2016-07-26,97.16,656.224976,14.15,"1,323.0",2173.540039
2016-07-27,97.05,657.455994,13.45,"1,329.0",2174.97998
2016-07-28,96.74,657.594971,13.34,"1,341.8",2172.850098
2016-07-29,95.53,657.796021,13.29,"1,342.0",2177.090088
2016-07-30,95.53,658.223022,13.1,"1,342.0",2177.090088
2016-07-31,95.53,655.284973,12.75,"1,342.0",2177.090088
2016-08-01,95.71,626.119019,11.91,"1,349.7",2178.290039
2016-08-02,95.06,612.848022,11.24,"1,363.8",2170.199951
2016-08-03,95.56,573.359985,10.49,"1,358.9",2163.790039
2016-08-04,95.76,579.495972,12.49,"1,362.8",2168.189941
2016-08-05,96.19,578.281006,11.64,"1,340.4",2182.870117
2016-08-06,96.19,588.395996,11.42,"1,340.4",2182.870117
2016-08-07,96.19,597.513,11.21,"1,340.4",2182.870117
2016-08-08,96.4,592.994019,11.5,"1,336.8",2185.439941
2016-08-09,96.18,591.091003,12.5,"1,341.0",2187.659912
2016-08-10,95.65,599.984009,12.68,"1,347.7",2183.409912
2016-08-11,95.86,597.541992,12.46,"1,355.0",2188.449951
2016-08-12,95.72,589.909973,12.12,"1,352.2",2186.280029
2016-08-13,95.72,589.773987,11.95,"1,352.2",2186.280029
2016-08-14,95.72,585.666016,11.76,"1,352.2",2186.280029
2016-08-15,95.63,573.580017,11.51,"1,339.4",2193.810059
2016-08-16,94.79,581.737976,11.38,"1,344.0",2186.23999
2016-08-17,94.72,580.893982,11.34,"1,343.4",2183.080078
2016-08-18,94.16,577.791992,11.74,"1,350.1",2187.030029
2016-08-19,94.51,578.237976,11.0,"1,346.4",2185.0
2016-08-20,94.51,582.817993,11.48,"1,346.4",2185.0
2016-08-21,94.51,584.15802,11.28,"1,346.4",2185.0
2016-08-22,94.52,588.447998,11.5,"1,335.9",2185.149902
2016-08-23,94.54,589.473999,11.41,"1,342.0",2193.419922
2016-08-24,94.79,583.590027,11.35,"1,327.3",2186.659912
2016-08-25,94.77,580.450989,11.35,"1,321.3",2179.0
2016-08-26,95.57,580.622986,11.49,"1,318.8",2187.939941
2016-08-27,95.57,579.844971,11.44,"1,318.8",2187.939941
2016-08-28,95.57,574.038025,11.3,"1,318.8",2187.939941
2016-08-29,95.58,576.278015,11.24,"1,318.8",2183.47998
2016-08-30,96.05,578.356995,11.3,"1,318.2",2182.27002
2016-08-31,96.02,577.861023,13.5,"1,309.3",2173.790039
2016-09-01,95.65,576.310974,13.5,"1,309.5",2173.560059
2016-09-02,95.84,575.643005,12.43,"1,324.7",2184.870117
2016-09-03,95.84,599.5,12.51,"1,324.7",2184.870117
2016-09-04,95.84,611.836975,12.09,"1,324.7",2184.870117
2016-09-05,95.84,609.054993,12.0,"1,326.4",2184.870117
2016-09-06,94.82,610.830017,12.0,"1,337.3",2186.570068
2016-09-07,94.96,614.544983,11.99,"1,348.4",2187.870117
2016-09-08,95.03,628.77002,11.78,"1,343.4",2184.939941
2016-09-09,95.34,626.830017,11.74,"1,330.9",2169.080078
2016-09-10,95.34,625.094971,12.0,"1,330.9",2169.080078
2016-09-11,95.34,628.817993,12.05,"1,330.9",2169.080078
2016-09-12,95.09,608.458984,11.92,"1,324.6",2163.300049
2016-09-13,95.63,611.192993,12.16,"1,323.7",2150.469971
2016-09-14,95.33,611.952026,12.02,"1,321.8",2141.330078
2016-09-15,95.29,611.085999,12.02,"1,310.8",2151.310059
2016-09-16,96.11,609.260986,12.75,"1,308.4",2146.47998
2016-09-17,96.11,607.859985,12.8,"1,308.4",2146.47998
2016-09-18,96.11,610.15802,12.91,"1,308.4",2146.47998
2016-09-19,95.84,610.932007,13.09,"1,314.9",2153.610107
2016-09-20,96.02,609.525024,14.45,"1,313.8",2150.800049
2016-09-21,95.66,603.588013,14.45,"1,326.1",2165.110107
2016-09-22,95.45,598.487,14.02,"1,339.1",2179.98999
2016-09-23,95.48,603.205017,13.59,"1,338.7",2173.75
2016-09-24,95.48,604.580017,13.52,"1,338.7",2173.75
2016-09-25,95.48,603.380981,13.11,"1,338.7",2173.75
2016-09-26,95.3,608.143005,13.16,"1,340.5",2158.540039
2016-09-27,95.44,608.247986,13.71,"1,327.0",2161.129883
2016-09-28,95.43,606.590027,13.68,"1,322.5",2172.399902
2016-09-29,95.53,606.823975,13.38,"1,318.1",2172.669922
2016-09-30,95.46,609.734985,13.44,"1,322.5",2175.300049
2016-10-01,95.46,615.237,13.41,"1,322.5",2175.300049
2016-10-02,95.46,614.005005,13.3,"1,322.5",2175.300049
2016-10-03,95.69,612.567993,13.51,"1,313.3",2164.409912
2016-10-04,96.17,612.054016,13.61,"1,283.3",2165.459961
2016-10-05,96.12,613.814026,13.7,"1,269.4",2163.949951
2016-10-06,96.77,613.81897,13.42,"1,254.5",2162.929932
2016-10-07,96.63,617.911987,13.49,"1,258.8",2165.860107
2016-10-08,96.63,619.848999,12.82,"1,258.8",2165.860107
2016-10-09,96.63,619.197998,12.7,"1,258.8",2165.860107
2016-10-10,96.93,621.317993,12.33,"1,259.5",2169.600098
2016-10-11,97.69,642.080017,12.22,"1,253.5",2161.560059
2016-10-12,97.97,641.336975,12.0,"1,256.5",2145.360107
2016-10-13,97.52,638.833008,12.19,"1,261.1",2138.189941
2016-10-14,98.02,641.284973,12.15,"1,251.8",2149.189941
2016-10-15,98.02,642.10199,12.02,"1,251.8",2149.189941
2016-10-16,98.02,642.89801,12.04,"1,251.8",2149.189941
2016-10-17,97.89,642.328003,12.0,"1,254.8",2135.610107
2016-10-18,97.89,640.736023,12.96,"1,258.2",2144.379883
2016-10-19,97.92,638.874023,12.96,"1,269.1",2148.439941
2016-10-20,98.31,631.916992,12.18,"1,271.7",2147.179932
2016-10-21,98.69,634.093994,12.08,"1,266.1",2142.629883
2016-10-22,98.69,658.197021,12.08,"1,266.1",2142.629883
2016-10-23,98.69,661.129028,12.08,"1,266.1",2142.629883
2016-10-24,98.76,657.252014,12.05,"1,265.6",2154.790039
2016-10-25,98.72,664.424011,12.2,"1,269.4",2151.439941
2016-10-26,98.63,679.728027,11.87,"1,270.5",2145.72998
2016-10-27,98.89,688.593994,11.58,"1,266.3",2147.129883
2016-10-28,98.35,690.44397,11.43,"1,273.0",2140.719971
2016-10-29,98.35,720.401978,11.56,"1,273.0",2140.719971
2016-10-30,98.35,714.117981,11.43,"1,273.0",2140.719971
2016-10-31,98.44,709.289001,11.56,"1,272.0",2133.25
2016-11-01,97.7,736.452026,11.47,"1,288.5",2131.449951
2016-11-02,97.4,740.828979,11.43,"1,303.8",2111.76001
2016-11-03,97.16,745.77301,11.19,"1,301.0",2102.560059
2016-11-04,97.06,706.929993,11.19,"1,302.8",2099.070068
2016-11-05,97.06,707.51001,11.2,"1,302.8",2099.070068
2016-11-06,97.06,714.257996,11.15,"1,302.8",2099.070068
2016-11-07,97.78,710.736023,11.2,"1,283.1",2132.0
2016-11-08,97.86,712.987,11.19,"1,282.4",2146.870117
2016-11-09,98.5,740.046021,10.98,"1,281.4",2170.100098
2016-11-10,98.78,723.018005,11.95,"1,267.5",2182.300049
2016-11-11,99.06,718.317993,10.73,"1,236.5",2165.919922
2016-11-12,99.06,717.14801,10.33,"1,236.5",2165.919922
2016-11-13,99.06,705.257019,10.22,"1,236.5",2165.919922
2016-11-14,100.11,706.283997,10.22,"1,213.6",2171.360107
2016-11-15,100.23,715.718018,10.4,"1,227.0",2180.840088
2016-11-16,100.41,747.61499,10.4,"1,229.2",2179.219971
2016-11-17,100.89,755.64502,10.36,"1,226.8",2188.060059
2016-11-18,101.21,752.882019,10.0,"1,211.0",2189.889893
2016-11-19,101.21,756.237,9.92,"1,211.0",2189.889893
2016-11-20,101.21,755.47998,9.86,"1,211.0",2189.889893
2016-11-21,101.05,741.721985,9.61,"1,214.3",2198.699951
2016-11-22,101.04,753.869995,10.19,"1,212.3",2204.800049
2016-11-23,101.7,752.25,9.97,"1,185.4",2204.719971
2016-11-24,101.7,746.83197,9.91,"1,186.1",2204.719971
2016-11-25,101.49,741.648987,9.69,"1,187.7",2213.350098
2016-11-26,101.49,742.213989,9.57,"1,187.7",2213.350098
2016-11-27,101.49,739.018005,9.87,"1,187.7",2213.350098
2016-11-28,101.33,738.005981,9.41,"1,187.0",2211.139893
2016-11-29,100.93,737.471008,9.02,"1,186.6",2210.459961
2016-11-30,101.5,747.929016,9.14,"1,178.1",2214.100098
2016-12-01,101.04,758.275024,8.64,"1,161.9",2202.600098
2016-12-02,100.77,781.296021,8.46,"1,173.5",2197.949951
2016-12-03,100.77,778.247986,8.25,"1,173.5",2197.949951
2016-12-04,100.77,773.872009,8.16,"1,173.5",2197.949951
2016-12-05,100.09,773.468018,7.62,"1,162.2",2209.419922
2016-12-06,100.49,765.622009,8.15,"1,172.5",2212.780029
2016-12-07,100.23,771.54303,8.56,"1,177.7",2241.629883
2016-12-08,101.1,774.697998,8.75,"1,171.1",2251.689941
2016-12-09,101.59,774.528015,8.67,"1,163.6",2259.800049
2016-12-10,101.59,777.09198,8.65,"1,163.6",2259.800049
2016-12-11,101.59,774.797974,8.56,"1,163.6",2259.800049
2016-12-12,101.03,781.921997,8.6,"1,156.1",2264.030029
2016-12-13,101.07,788.460022,8.71,"1,158.6",2277.530029
2016-12-14,101.76,782.033997,8.47,"1,162.3",2276.199951
2016-12-15,103.02,781.434998,8.46,"1,127.0",2272.120117
2016-12-16,102.95,785.031982,7.89,"1,131.6",2268.050049
2016-12-17,102.95,792.508972,7.89,"1,131.6",2268.050049
2016-12-18,102.95,794.737,7.98,"1,131.6",2268.050049
2016-12-19,103.14,793.611023,7.94,"1,136.3",2267.469971
2016-12-20,103.29,801.336975,7.99,"1,125.7",2272.560059
2016-12-21,103.02,834.281006,7.99,"1,133.7",2271.22998
2016-12-22,103.09,875.781982,7.97,"1,131.4",2263.179932
2016-12-23,103.01,925.117004,7.81,"1,131.4",2263.790039
2016-12-24,103.01,923.479004,7.41,"1,131.4",2263.790039
2016-12-25,103.01,899.651978,7.29,"1,131.4",2263.790039
2016-12-26,103.01,913.184021,7.29,"1,131.4",2263.790039
2016-12-27,103.02,940.047974,7.49,"1,131.4",2273.820068
2016-12-28,103.3,975.921021,8.54,"1,134.6",2271.310059
2016-12-29,102.68,979.396973,8.54,"1,145.9",2254.51001
2016-12-30,102.21,972.534973,8.54,"1,145.9",2253.580078
2016-12-31,102.21,963.742981,8.54,"1,145.9",2253.580078
2017-01-01,102.21,1003.080017,8.54,"1,145.9",2253.580078
2017-01-02,102.83,1031.390015,8.55,"1,145.9",2253.580078
2017-01-03,103.21,1044.079956,9.98,"1,151.0",2263.879883
2017-01-04,102.7,1159.420044,11.15,"1,164.3",2272.820068
2017-01-05,101.52,1191.099976,11.94,"1,176.7",2271.5
2017-01-06,102.22,1046.810059,10.59,"1,175.9",2282.100098
2017-01-07,102.22,908.585022,10.32,"1,175.9",2282.100098
2017-01-08,102.22,942.723999,10.42,"1,175.9",2282.100098
2017-01-09,101.93,913.685974,10.93,"1,178.5",2275.48999
2017-01-10,102.01,914.872986,10.74,"1,189.5",2279.27002
2017-01-11,101.78,919.447998,10.74,"1,178.6",2275.320068
2017-01-12,101.35,826.245972,10.47,"1,205.1",2271.780029
2017-01-13,101.18,829.000977,10.25,"1,190.4",2278.679932
2017-01-14,101.18,835.085022,10.24,"1,190.4",2278.679932
2017-01-15,101.18,823.307007,10.01,"1,190.4",2278.679932
2017-01-16,101.18,834.530029,10.01,"1,203.0",2278.679932
2017-01-17,100.33,910.560974,10.44,"1,216.1",2272.080078
2017-01-18,100.93,917.499023,10.44,"1,214.8",2272.01001
2017-01-19,101.15,904.614014,10.73,"1,196.1",2274.330078
2017-01-20,100.74,899.39801,10.72,"1,200.6",2276.959961
2017-01-21,100.74,927.367004,10.93,"1,200.6",2276.959961
2017-01-22,100.74,937.525024,10.92,"1,200.6",2276.959961
2017-01-23,100.16,928.265991,10.77,"1,212.9",2271.780029
2017-01-24,100.35,924.14502,10.77,"1,216.8",2284.629883
2017-01-25,100.03,903.252014,10.71,"1,195.0",2299.550049
2017-01-26,100.38,919.325989,10.71,"1,189.7",2300.98999
2017-01-27,100.53,923.223022,10.76,"1,184.9",2299.02002
2017-01-28,100.53,923.911011,10.7,"1,184.9",2299.02002
2017-01-29,100.53,923.41803,10.64,"1,184.9",2299.02002
2017-01-30,100.43,923.047974,10.9,"1,192.8",2286.01001
2017-01-31,99.51,972.018982,10.93,"1,212.8",2279.090088
2017-02-01,99.64,989.114014,10.95,"1,203.7",2289.139893
2017-02-02,99.79,1013.52002,10.99,"1,222.0",2283.969971
2017-02-03,99.87,1033.869995,10.99,"1,215.2",2298.310059
2017-02-04,99.87,1045.900024,11.41,"1,215.2",2298.310059
2017-02-05,99.87,1043.630005,11.39,"1,215.2",2298.310059
2017-02-06,99.91,1044.640015,11.32,"1,226.8",2296.179932
2017-02-07,100.26,1061.930054,11.51,"1,231.0",2299.399902
2017-02-08,100.28,1078.969971,11.74,"1,242.1",2295.909912
2017-02-09,100.65,1088.98999,11.61,"1,236.8",2311.080078
2017-02-10,100.8,998.905029,11.44,"1,228.3",2319.22998
2017-02-11,100.8,1009.289978,11.39,"1,228.3",2319.22998
2017-02-12,100.8,1004.76001,11.41,"1,228.3",2319.22998
2017-02-13,100.96,1002.099976,11.49,"1,222.3",2331.580078
2017-02-14,101.25,1011.51001,13.41,"1,230.8",2337.580078
2017-02-15,101.18,1008.840027,13.23,"1,224.4",2351.300049
2017-02-16,100.44,1033.369995,13.06,"1,240.6",2351.310059
2017-02-17,100.95,1053.170044,12.96,"1,242.0",2351.159912
2017-02-18,100.95,1061.099976,12.91,"1,242.0",2351.159912
2017-02-19,100.95,1056.810059,13.03,"1,242.0",2351.159912
2017-02-20,100.95,1080.48999,12.89,"1,237.3",2351.159912
2017-02-21,101.37,1117.25,12.84,"1,233.2",2366.709961
2017-02-22,101.22,1125.390015,12.85,"1,236.7",2365.129883
2017-02-23,101.05,1176.619995,13.35,"1,247.9",2368.26001
2017-02-24,101.09,1200.390015,13.32,"1,253.7",2367.340088
2017-02-25,101.09,1174.849976,13.72,"1,253.7",2367.340088
2017-02-26,101.09,1167.469971,14.95,"1,253.7",2367.340088
2017-02-27,101.13,1181.97998,15.98,"1,257.2",2371.540039
2017-02-28,101.12,1193.25,16.97,"1,255.6",2367.790039
2017-03-01,101.78,1222.5,17.9,"1,240.4",2400.97998
2017-03-02,102.2,1262.130005,19.48,"1,238.1",2394.75
2017-03-03,101.54,1280.310059,20.78,"1,226.5",2383.889893
2017-03-04,101.54,1279.400024,20.14,"1,226.5",2383.889893
2017-03-05,101.54,1267.290039,19.23,"1,226.5",2383.889893
2017-03-06,101.64,1276.0,20.51,"1,231.0",2378.800049
2017-03-07,101.81,1275.550049,19.97,"1,216.7",2375.120117
2017-03-08,102.07,1232.160034,19.37,"1,209.2",2373.090088
2017-03-09,101.85,1197.459961,18.49,"1,206.6",2369.080078
2017-03-10,101.25,1270.469971,19.78,"1,202.7",2376.860107
2017-03-11,101.25,1193.829956,21.53,"1,202.7",2376.860107
2017-03-12,101.25,1226.97998,24.0,"1,202.7",2376.860107
2017-03-13,101.31,1237.369995,32.0,"1,204.2",2374.419922
2017-03-14,101.7,1244.810059,29.96,"1,204.6",2368.550049
2017-03-15,100.74,1251.609985,35.0,"1,198.8",2390.01001
2017-03-16,100.36,1257.97998,46.5,"1,229.4",2388.100098
2017-03-17,100.3,1180.160034,51.99,"1,229.6",2385.709961
2017-03-18,100.3,1114.069946,44.71,"1,229.6",2385.709961
2017-03-19,100.3,1069.910034,45.99,"1,229.6",2385.709961
2017-03-20,100.41,1063.030029,45.9,"1,232.4",2379.550049
2017-03-21,99.81,1122.430054,43.94,"1,241.6",2381.929932
2017-03-22,99.68,1120.650024,43.05,"1,249.1",2351.810059
2017-03-23,99.76,1058.01001,44.0,"1,247.5",2358.919922
2017-03-24,99.63,1040.469971,53.0,"1,247.5",2356.219971
2017-03-25,99.63,975.760986,52.98,"1,247.5",2356.219971
2017-03-26,99.63,1007.960022,51.5,"1,247.5",2356.219971
2017-03-27,99.17,1046.400024,51.54,"1,257.6",2344.899902
2017-03-28,99.71,1064.650024,50.75,"1,257.3",2363.780029
2017-03-29,100.0,1055.130005,54.54,"1,251.1",2363.360107
2017-03-30,100.41,1049.290039,53.5,"1,248.8",2370.419922
2017-03-31,100.35,1074.920044,52.0,"1,244.9",2370.350098
2017-04-01,100.35,1091.719971,51.91,"1,244.9",2370.350098
2017-04-02,100.35,1107.589966,51.15,"1,244.9",2370.350098
2017-04-03,100.54,1151.73999,48.61,"1,247.3",2365.870117
2017-04-04,100.54,1156.439941,45.92,"1,257.7",2360.530029
2017-04-05,100.56,1135.089966,47.26,"1,245.8",2378.360107
2017-04-06,100.67,1188.369995,45.95,"1,252.5",2364.159912
2017-04-07,101.18,1186.579956,44.48,"1,266.5",2363.76001
2017-04-08,101.18,1184.97998,45.76,"1,266.5",2363.76001
2017-04-09,101.18,1197.209961,44.85,"1,266.5",2363.76001
2017-04-10,101.02,1190.339966,45.65,"1,250.1",2366.370117
2017-04-11,100.71,1208.069946,44.68,"1,252.9",2355.219971
2017-04-12,100.78,1207.140015,47.99,"1,274.3",2352.719971
2017-04-13,100.56,1205.890015,50.91,"1,284.2",2348.26001
2017-04-14,100.56,1190.800049,50.25,"1,284.2",2348.26001
2017-04-15,100.56,1188.0,48.98,"1,284.2",2348.26001
2017-04-16,100.56,1187.219971,49.13,"1,284.2",2348.26001
2017-04-17,100.29,1194.900024,48.7,"1,284.2",2349.139893
2017-04-18,99.5,1217.569946,50.4,"1,279.0",2348.350098
2017-04-19,99.74,1215.51001,50.43,"1,279.1",2352.629883
2017-04-20,99.78,1240.790039,49.8,"1,282.1",2361.370117
2017-04-21,99.98,1235.939941,49.65,"1,281.9",2356.179932
2017-04-22,99.98,1235.560059,49.16,"1,281.9",2356.179932
2017-04-23,99.98,1232.199951,49.22,"1,281.9",2356.179932
2017-04-24,99.09,1250.939941,50.99,"1,269.4",2376.97998
2017-04-25,98.78,1267.579956,50.82,"1,267.8",2392.47998
2017-04-26,99.05,1294.829956,56.02,"1,261.9",2398.159912
2017-04-27,99.08,1319.699951,64.05,"1,262.8",2392.100098
2017-04-28,99.05,1331.280029,74.1,"1,266.5",2393.679932
2017-04-29,99.05,1327.199951,73.98,"1,266.5",2393.679932
2017-04-30,99.05,1347.910034,79.8,"1,266.5",2393.679932
2017-05-01,99.08,1434.319946,84.84,"1,266.5",2394.48999
2017-05-02,98.98,1473.900024,80.59,"1,255.5",2392.929932
2017-05-03,99.21,1492.77002,81.86,"1,250.3",2389.820068
2017-05-04,98.8,1608.910034,95.77,"1,228.5",2391.429932
2017-05-05,98.65,1618.030029,97.98,"1,228.1",2399.290039
2017-05-06,98.65,1578.800049,96.98,"1,228.1",2399.290039
2017-05-07,98.65,1596.719971,98.79,"1,228.1",2399.290039
2017-05-08,99.06,1723.349976,94.29,"1,229.8",2401.360107
2017-05-09,99.66,1833.48999,92.98,"1,220.4",2403.870117
2017-05-10,99.67,1788.439941,91.86,"1,223.0",2399.73999
2017-05-11,99.62,1873.930054,90.48,"1,223.2",2395.719971
2017-05-12,99.25,1856.150024,91.01,"1,231.3",2392.439941
2017-05-13,99.25,1812.98999,88.3,"1,231.3",2392.439941
2017-05-14,99.25,1831.420044,88.89,"1,231.3",2392.439941
2017-05-15,98.91,1812.800049,94.48,"1,233.3",2404.050049
2017-05-16,98.11,1785.939941,92.0,"1,234.2",2405.77002
2017-05-17,97.58,1864.050049,89.1,"1,257.4",2384.870117
2017-05-18,97.88,1904.47998,97.0,"1,255.9",2375.73999
2017-05-19,97.14,2004.52002,129.0,"1,252.0",2389.060059
2017-05-20,97.14,2084.72998,128.5,"1,252.0",2389.060059
2017-05-21,97.14,2119.080078,150.0,"1,252.0",2389.060059
2017-05-22,96.98,2303.899902,175.0,"1,258.9",2395.459961
2017-05-23,97.35,2320.820068,173.25,"1,260.2",2400.850098
2017-05-24,97.24,2523.719971,200.0,"1,252.6",2405.580078
2017-05-25,97.25,2763.709961,217.88,"1,257.0",2418.709961
2017-05-26,97.44,2573.790039,195.0,"1,265.1",2416.679932
2017-05-27,97.44,2260.199951,172.0,"1,265.1",2416.679932
2017-05-28,97.44,2267.340088,182.36,"1,265.1",2416.679932
2017-05-29,97.44,2307.050049,197.9,"1,265.1",2416.679932
2017-05-30,97.28,2301.959961,231.8,"1,262.7",2415.26001
2017-05-31,96.92,2311.080078,234.0,"1,266.2",2415.98999
2017-06-01,97.2,2448.389893,234.0,"1,264.9",2430.060059
2017-06-02,96.72,2488.550049,224.99,"1,275.0",2440.22998
2017-06-03,96.72,2581.909912,227.0,"1,275.0",2440.22998
2017-06-04,96.72,2585.889893,248.99,"1,275.0",2440.22998
2017-06-05,96.8,2686.810059,248.98,"1,280.0",2439.550049
2017-06-06,96.64,2999.909912,268.85,"1,293.5",2436.209961
2017-06-07,96.75,2869.379883,267.48,"1,291.0",2435.280029
2017-06-08,96.92,2815.300049,261.83,"1,273.1",2439.27002
2017-06-09,97.27,2901.709961,280.37,"1,266.6",2446.199951
2017-06-10,97.27,2950.98999,344.01,"1,266.6",2446.199951
2017-06-11,97.27,2996.600098,346.99,"1,266.6",2446.199951
2017-06-12,97.14,2997.26001,418.5,"1,266.4",2430.379883
2017-06-13,96.97,2789.040039,398.92,"1,262.0",2441.48999
2017-06-14,96.94,2786.830078,393.0,"1,275.5",2443.75
2017-06-15,97.43,2534.709961,346.96,"1,254.6",2433.949951
2017-06-16,97.16,2539.919922,357.01,"1,255.4",2433.149902
2017-06-17,97.16,2685.189941,368.61,"1,255.4",2433.149902
2017-06-18,97.16,2662.100098,378.85,"1,255.4",2433.149902
2017-06-19,97.55,2662.850098,361.53,"1,248.2",2453.820068
2017-06-20,97.76,2763.449951,365.0,"1,242.2",2450.659912
2017-06-21,97.56,2772.01001,352.0,"1,242.5",2442.22998
2017-06-22,97.59,2723.73999,333.64,"1,250.8",2441.620117
2017-06-23,97.26,2765.169922,330.53,"1,255.7",2441.399902
2017-06-24,97.26,2757.939941,330.86,"1,255.7",2441.399902
2017-06-25,97.26,2682.26001,310.0,"1,255.7",2441.399902
2017-06-26,97.43,2615.25,299.9,"1,245.3",2450.419922
2017-06-27,96.39,2552.449951,288.17,"1,249.6",2440.149902
2017-06-28,96.01,2603.97998,324.95,"1,248.0",2442.969971
2017-06-29,95.63,2588.830078,322.84,"1,243.5",2442.72998
2017-06-30,95.63,2559.25,304.94,"1,242.3",2432.709961
2017-07-01,95.63,2515.27002,283.0,"1,242.3",2432.709961
2017-07-02,95.63,2514.280029,293.65,"1,242.3",2432.709961
2017-07-03,96.22,2595.0,284.82,"1,229.3",2439.169922
2017-07-04,96.22,2631.590088,282.0,"1,223.8",2439.169922
2017-07-05,96.29,2622.649902,273.89,"1,220.3",2434.899902
2017-07-06,95.8,2616.719971,274.0,"1,224.9",2424.280029
2017-07-07,96.01,2916.139893,266.56,"1,215.7",2426.919922
2017-07-08,96.01,2571.340088,248.0,"1,215.7",2426.919922
2017-07-09,96.01,2635.48999,253.31,"1,215.7",2426.919922
2017-07-10,96.02,2537.159912,240.33,"1,211.9",2432.0
2017-07-11,95.67,2413.469971,215.96,"1,211.1",2429.300049
2017-07-12,95.76,2423.709961,225.72,"1,218.8",2445.76001
2017-07-13,95.73,2425.219971,226.65,"1,218.9",2449.320068
2017-07-14,95.15,2363.25,207.5,"1,230.3",2463.540039
2017-07-15,95.15,2231.139893,198.52,"1,230.3",2463.540039
2017-07-16,95.15,2058.77002,171.86,"1,230.3",2463.540039
2017-07-17,95.13,2230.48999,191.52,"1,234.1",2462.820068
2017-07-18,94.6,2387.610107,262.99,"1,240.8",2460.919922
2017-07-19,94.78,2397.169922,246.8,"1,242.2",2473.830078
2017-07-20,94.31,2900.699951,236.09,"1,238.7",2477.620117
2017-07-21,93.86,2838.409912,237.97,"1,248.6",2472.540039
2017-07-22,93.86,2862.419922,237.43,"1,248.6",2472.540039
2017-07-23,93.86,2832.179932,235.93,"1,248.6",2472.540039
2017-07-24,93.98,2777.26001,230.61,"1,255.6",2473.100098
2017-07-25,94.05,2768.080078,226.56,"1,254.4",2481.23999
2017-07-26,93.67,2610.76001,209.0,"1,248.1",2481.689941
2017-07-27,93.86,2693.320068,206.88,"1,261.1",2484.040039
2017-07-28,93.26,2897.449951,203.98,"1,264.9",2473.530029
2017-07-29,93.26,2808.76001,209.81,"1,264.9",2473.530029
2017-07-30,93.26,2758.530029,210.0,"1,264.9",2473.530029
2017-07-31,92.86,2889.620117,202.98,"1,267.6",2477.959961
2017-08-01,93.04,2921.350098,232.0,"1,271.0",2478.51001
2017-08-02,92.84,2762.530029,228.91,"1,269.6",2480.379883
2017-08-03,92.84,2813.310059,228.72,"1,268.1",2476.030029
2017-08-04,93.54,2899.330078,227.65,"1,257.7",2480.0
2017-08-05,93.54,3290.01001,260.03,"1,257.7",2480.0
2017-08-06,93.54,3293.290039,271.87,"1,257.7",2480.0
2017-08-07,93.43,3397.679932,274.88,"1,258.0",2480.949951
2017-08-08,93.65,3484.850098,299.99,"1,261.8",2490.870117
2017-08-09,93.55,3422.76001,315.49,"1,271.1",2474.409912
2017-08-10,93.4,3453.449951,310.0,"1,284.4",2465.379883
2017-08-11,93.07,3679.719971,309.99,"1,286.1",2448.090088
2017-08-12,93.07,3949.919922,320.0,"1,286.1",2448.090088
2017-08-13,93.07,4208.390137,308.3,"1,286.1",2448.090088
2017-08-14,93.41,4325.129883,305.0,"1,282.3",2468.219971
2017-08-15,93.85,4455.970215,299.02,"1,270.3",2468.899902
2017-08-16,93.54,4381.22998,302.07,"1,272.8",2474.929932
2017-08-17,93.62,4484.700195,310.0,"1,285.2",2465.02002
2017-08-18,93.43,4370.129883,306.02,"1,295.8",2440.27002
2017-08-19,93.43,4243.259766,298.14,"1,295.8",2440.27002
2017-08-20,93.43,4196.290039,297.97,"1,295.8",2440.27002
2017-08-21,93.09,4109.140137,343.96,"1,292.9",2430.580078
2017-08-22,93.55,4128.759766,328.02,"1,284.2",2454.77002
2017-08-23,93.15,4255.779785,325.64,"1,286.7",2448.909912
2017-08-24,93.28,4376.390137,328.7,"1,289.0",2450.389893
2017-08-25,92.74,4455.700195,338.2,"1,285.3",2453.959961
2017-08-26,92.74,4379.279785,331.33,"1,285.3",2453.959961
2017-08-27,92.74,4416.589844,347.96,"1,285.3",2453.959961
2017-08-28,92.21,4403.930176,350.0,"1,285.3",2449.120117
2017-08-29,92.25,4625.680176,374.35,"1,318.7",2449.189941
2017-08-30,92.88,4626.52002,390.85,"1,308.5",2460.310059
2017-08-31,92.67,4736.049805,390.01,"1,311.8",2475.01001
2017-09-01,92.81,4892.009766,398.07,"1,320.4",2480.379883
2017-09-02,92.81,4975.040039,393.21,"1,320.4",2480.379883
2017-09-03,92.81,4714.080078,371.48,"1,320.4",2480.379883
2017-09-04,92.64,4591.629883,352.18,"1,333.1",2480.379883
2017-09-05,92.25,4427.839844,304.43,"1,335.6",2471.969971
2017-09-06,92.29,4617.25,341.24,"1,337.9",2469.639893
2017-09-07,91.66,4655.040039,340.0,"1,343.5",2468.620117
2017-09-08,91.35,4661.0,335.08,"1,346.3",2467.110107
2017-09-09,91.35,4308.819824,309.95,"1,346.3",2467.110107
2017-09-10,91.35,4245.439941,305.35,"1,346.3",2467.110107
2017-09-11,91.9,4261.669922,308.49,"1,334.2",2488.949951
2017-09-12,91.88,4344.649902,317.31,"1,326.5",2496.77002
2017-09-13,92.52,4131.97998,294.5,"1,327.6",2498.370117
2017-09-14,92.12,3920.600098,280.49,"1,324.6",2498.429932
2017-09-15,91.87,3733.449951,268.74,"1,322.9",2500.22998
2017-09-16,91.87,3808.840088,270.0,"1,322.9",2500.22998
2017-09-17,91.87,3664.810059,268.0,"1,322.9",2500.22998
2017-09-18,92.05,4079.22998,300.77,"1,312.1",2508.320068
2017-09-19,91.79,4094.070068,300.31,"1,309.6",2507.840088
2017-09-20,92.51,4031.389893,293.89,"1,311.3",2508.850098
2017-09-21,92.19,3916.419922,286.56,"1,292.1",2507.159912
2017-09-22,92.17,3758.27002,270.98,"1,294.8",2503.469971
2017-09-23,92.17,3819.209961,286.27,"1,294.8",2503.469971
2017-09-24,92.17,3796.149902,294.0,"1,294.8",2503.469971
2017-09-25,92.65,3950.25,297.27,"1,293.3",2502.540039
2017-09-26,92.97,3969.889893,295.52,"1,300.1",2503.51001
2017-09-27,93.36,4210.049805,311.72,"1,282.6",2511.75
2017-09-28,93.08,4279.310059,310.11,"1,283.4",2510.810059
2017-09-29,93.08,4214.629883,304.15,"1,283.1",2519.439941
2017-09-30,93.08,4358.430176,304.96,"1,283.1",2519.439941
2017-10-01,93.08,4403.740234,303.0,"1,283.1",2519.439941
2017-10-02,93.56,4470.22998,302.9,"1,273.7",2529.22998
2017-10-03,93.57,4432.470215,300.95,"1,271.3",2535.129883
2017-10-04,93.46,4352.310059,296.03,"1,274.3",2540.530029
2017-10-05,93.96,4362.640137,297.01,"1,274.5",2552.51001
2017-10-06,93.8,4413.27002,305.57,"1,261.8",2549.409912
2017-10-07,93.8,4443.879883,313.0,"1,261.8",2549.409912
2017-10-08,93.8,4624.140137,314.56,"1,261.8",2549.409912
2017-10-09,93.67,4878.709961,309.21,"1,278.8",2551.820068
2017-10-10,93.29,4922.169922,304.97,"1,291.4",2555.22998
2017-10-11,93.02,4873.72998,303.77,"1,289.3",2555.23999
2017-10-12,93.06,5446.910156,307.27,"1,290.3",2555.330078
2017-10-13,93.09,5840.299805,346.98,"1,299.6",2557.649902
2017-10-14,93.09,5837.700195,346.51,"1,299.6",2557.649902
2017-10-15,93.09,5852.47998,340.73,"1,299.6",2557.649902
2017-10-16,93.31,5776.22998,350.0,"1,303.3",2559.469971
2017-10-17,93.51,5800.350098,334.18,"1,284.8",2559.709961
2017-10-18,93.36,5603.819824,316.21,"1,280.2",2564.110107
2017-10-19,93.16,5744.350098,317.03,"1,286.4",2562.360107
2017-10-20,93.7,6060.109863,311.76,"1,281.2",2575.439941
2017-10-21,93.7,6194.879883,303.77,"1,281.2",2575.439941
2017-10-22,93.7,6076.259766,306.0,"1,281.2",2575.439941
2017-10-23,93.94,6075.589844,294.54,"1,274.9",2578.290039
2017-10-24,93.77,5935.52002,313.0,"1,276.5",2572.179932
2017-10-25,93.71,5754.330078,304.0,"1,275.0",2567.399902
2017-10-26,94.61,5976.799805,301.86,"1,273.8",2567.070068
2017-10-27,94.92,5988.390137,299.17,"1,266.5",2582.97998
2017-10-28,94.92,5876.720215,297.84,"1,266.5",2582.97998
2017-10-29,94.92,6255.709961,310.0,"1,266.5",2582.97998
2017-10-30,94.56,6214.990234,309.42,"1,272.0",2580.030029
2017-10-31,94.55,6470.430176,309.76,"1,270.2",2578.290039
2017-11-01,94.81,6767.310059,304.79,"1,277.1",2588.399902
2017-11-02,94.69,7367.330078,293.0,"1,279.2",2581.110107
2017-11-03,94.94,7461.290039,308.0,"1,267.2",2588.419922
2017-11-04,94.94,7492.859863,305.87,"1,267.2",2588.419922
2017-11-05,94.94,7617.47998,302.0,"1,267.2",2588.419922
2017-11-06,94.76,7445.77002,305.02,"1,270.9",2593.379883
2017-11-07,94.91,7253.319824,303.5,"1,275.6",2597.02002
2017-11-08,94.87,7776.419922,319.98,"1,284.0",2595.469971
2017-11-09,94.44,7446.830078,331.23,"1,284.8",2586.5
2017-11-10,94.39,7312.0,326.0,"1,284.3",2583.810059
2017-11-11,94.39,6873.149902,321.2,"1,284.3",2583.810059
2017-11-12,94.39,6625.049805,319.0,"1,284.3",2583.810059
2017-11-13,94.49,6811.189941,318.63,"1,278.0",2587.659912
2017-11-14,93.83,6764.97998,337.16,"1,274.6",2579.659912
2017-11-15,93.81,7342.25,340.0,"1,282.2",2572.840088
2017-11-16,93.93,7967.379883,335.0,"1,280.0",2590.090088
2017-11-17,93.66,8004.589844,334.55,"1,284.4",2583.959961
2017-11-18,93.66,7884.990234,349.0,"1,284.4",2583.959961
2017-11-19,93.66,8101.910156,373.21,"1,284.4",2583.959961
2017-11-20,94.08,8336.860352,373.1,"1,286.2",2584.639893
2017-11-21,93.95,8348.660156,375.0,"1,283.3",2601.189941
2017-11-22,93.22,8302.259766,381.31,"1,287.0",2600.939941
2017-11-23,93.22,8267.400391,428.07,"1,290.4",2600.939941
2017-11-24,92.78,8374.160156,479.99,"1,290.5",2604.209961
2017-11-25,92.78,8790.919922,484.6,"1,290.5",2604.209961
2017-11-26,92.78,9522.929688,471.84,"1,290.5",2604.209961
2017-11-27,92.9,9818.349609,489.0,"1,294.9",2606.409912
2017-11-28,93.27,10125.700195,479.0,"1,291.9",2627.689941
2017-11-29,93.16,11517.400391,515.61,"1,283.9",2634.889893
2017-11-30,93.05,10801.0,470.13,"1,280.2",2657.73999
2017-12-01,92.89,11046.700195,467.96,"1,275.5",2650.620117
2017-12-02,92.89,11320.200195,471.0,"1,275.5",2650.620117
2017-12-03,92.89,11858.700195,481.0,"1,275.5",2650.620117
2017-12-04,93.19,11657.200195,471.88,"1,273.5",2665.189941
2017-12-05,93.38,12032.0,469.5,"1,266.3",2648.719971
2017-12-06,93.61,14369.099609,463.0,"1,263.7",2634.409912
2017-12-07,93.8,17899.699219,436.81,"1,255.0",2640.98999
2017-12-08,93.9,18353.400391,463.0,"1,250.7",2651.649902
2017-12-09,93.9,16783.0,502.0,"1,250.7",2651.649902
2017-12-10,93.9,15850.599609,473.49,"1,250.7",2651.649902
2017-12-11,93.87,17513.900391,519.23,"1,247.2",2660.330078
2017-12-12,94.1,17781.800781,685.09,"1,240.9",2669.719971
2017-12-13,93.43,17653.099609,758.0,"1,242.7",2671.879883
2017-12-14,93.49,17085.800781,755.0,"1,251.0",2668.090088
2017-12-15,93.93,18154.099609,699.0,"1,254.6",2679.629883
2017-12-16,93.93,19716.699219,711.48,"1,254.6",2679.629883
2017-12-17,93.93,20089.0,739.57,"1,254.6",2679.629883
2017-12-18,93.69,19371.0,798.69,"1,260.6",2694.969971
2017-12-19,93.44,19177.800781,872.0,"1,260.4",2694.439941
2017-12-20,93.31,17934.699219,832.32,"1,264.6",2691.01001
2017-12-21,93.28,17567.699219,841.45,"1,264.6",2692.639893
2017-12-22,93.35,15943.400391,802.69,"1,264.6",2685.350098
2017-12-23,93.35,15603.200195,764.95,"1,264.6",2685.350098
2017-12-24,93.35,14626.0,728.73,"1,264.6",2685.350098
2017-12-25,93.35,14593.0,755.7,"1,264.6",2685.350098
2017-12-26,93.26,16461.199219,764.67,"1,264.6",2682.73999
2017-12-27,93.03,16930.900391,765.8,"1,279.4",2685.639893
2017-12-28,92.6,15888.400391,743.36,"1,291.0",2687.659912
2017-12-29,92.12,15279.0,752.0,"1,291.0",2692.120117
2017-12-30,92.12,14681.900391,749.91,"1,291.0",2692.120117
2017-12-31,92.28,14377.400391,744.0,"1,291.0",2692.120117
2018-01-01,92.25,14112.200195,760.0,"1,291.0",2692.120117
2018-01-02,91.87,15444.599609,877.0,"1,312.1",2695.889893
2018-01-03,92.16,15572.799805,950.0,"1,314.9",2714.370117
2018-01-04,91.85,15739.700195,999.0,"1,314.5",2729.290039
2018-01-05,91.95,17705.199219,1020.0,"1,317.2",2743.449951
2018-01-06,91.95,17712.400391,1007.0,"1,317.2",2743.449951
2018-01-07,91.95,17579.599609,1115.12,"1,317.2",2743.449951
2018-01-08,92.36,16537.900391,1231.12,"1,320.0",2748.51001
2018-01-09,92.53,15497.5,1303.06,"1,311.0",2759.139893
2018-01-10,92.33,14973.299805,1387.0,"1,319.8",2750.800049
2018-01-11,91.85,15018.799805,1335.0,"1,323.1",2767.560059
2018-01-12,90.97,14229.900391,1280.0,"1,326.8",2787.850098
2018-01-13,90.97,14659.5,1420.01,"1,326.8",2787.850098
2018-01-14,90.97,14511.799805,1387.0,"1,326.8",2787.850098
2018-01-15,90.97,14445.5,1378.5,"1,339.3",2787.850098
2018-01-16,90.39,13843.099609,1284.02,"1,333.9",2807.540039
2018-01-17,90.54,11678.0,1127.1,"1,335.7",2807.040039
2018-01-18,90.5,12107.299805,1104.0,"1,332.2",2805.830078
2018-01-19,90.57,11992.799805,1105.0,"1,335.0",2810.330078
2018-01-20,90.57,13103.0,1164.0,"1,335.0",2810.330078
2018-01-21,90.57,12895.900391,1150.0,"1,335.0",2810.330078
2018-01-22,90.4,11966.400391,1080.0,"1,332.6",2833.030029
2018-01-23,90.12,11377.599609,1022.0,"1,333.4",2842.23999
2018-01-24,89.21,11501.400391,1064.49,"1,353.7",2852.969971
2018-01-25,89.39,11785.700195,1103.0,"1,355.0",2848.560059
2018-01-26,89.07,11656.700195,1075.65,"1,353.2",2872.870117
2018-01-27,89.07,11614.900391,1122.29,"1,353.2",2872.870117
2018-01-28,89.07,12040.299805,1228.0,"1,353.2",2872.870117
2018-01-29,89.31,11875.599609,1228.88,"1,343.9",2870.620117
2018-01-30,89.16,11307.200195,1169.1,"1,344.9",2837.75
2018-01-31,89.13,10381.599609,1116.0,"1,345.1",2839.26001
2018-02-01,88.67,10288.799805,1148.66,"1,341.4",2835.959961
2018-02-02,89.19,9142.280273,1021.9,"1,331.2",2808.919922
2018-02-03,89.19,9430.75,994.9,"1,331.2",2808.919922
2018-02-04,89.19,9334.870117,970.0,"1,331.2",2808.919922
2018-02-05,89.55,8364.839844,855.0,"1,333.6",2763.389893
2018-02-06,89.58,7850.700195,813.99,"1,331.4",2701.040039
2018-02-07,90.25,8509.110352,862.0,"1,324.7",2727.669922
2018-02-08,90.23,8558.769531,845.0,"1,315.5",2685.27002
2018-02-09,90.44,8736.980469,882.0,"1,314.1",2638.669922
2018-02-10,90.44,9122.549805,910.0,"1,314.1",2638.669922
2018-02-11,90.44,8616.129883,858.63,"1,314.1",2638.669922
2018-02-12,90.21,8985.919922,874.97,"1,322.3",2672.610107
2018-02-13,89.7,8958.469727,869.08,"1,325.4",2668.840088
2018-02-14,89.12,9518.540039,925.0,"1,336.3",2702.100098
2018-02-15,88.59,10234.799805,949.67,"1,352.5",2731.51001
2018-02-16,89.1,10324.099609,946.71,"1,352.1",2754.419922
2018-02-17,89.1,11139.5,978.53,"1,352.1",2754.419922
2018-02-18,89.1,11349.799805,983.0,"1,352.1",2754.419922
2018-02-19,89.1,11273.799805,955.0,"1,346.6",2754.419922
2018-02-20,89.72,11958.5,959.0,"1,339.9",2737.600098
2018-02-21,90.0,11418.5,906.03,"1,330.5",2747.75
2018-02-22,89.74,11039.099609,870.0,"1,328.4",2731.26001
2018-02-23,89.88,10487.299805,881.55,"1,328.0",2747.76001
2018-02-24,89.88,10597.200195,876.43,"1,328.0",2747.76001
2018-02-25,89.88,9923.219727,849.94,"1,328.0",2747.76001
2018-02-26,89.85,10475.0,878.25,"1,333.5",2780.639893
2018-02-27,90.36,10878.5,894.9,"1,325.8",2789.149902
2018-02-28,90.61,11089.799805,888.0,"1,317.9",2761.52002
2018-03-01,90.32,11052.299805,879.0,"1,307.8",2730.889893
2018-03-02,89.94,11189.0,876.0,"1,322.3",2696.25
2018-03-03,89.94,11528.200195,866.08,"1,322.3",2696.25
2018-03-04,89.94,11512.599609,867.0,"1,322.3",2696.25
2018-03-05,90.08,11704.099609,870.15,"1,320.4",2728.090088
2018-03-06,89.62,11500.099609,849.65,"1,331.4",2732.080078
2018-03-07,89.64,10929.5,824.97,"1,329.4",2730.600098
2018-03-08,90.18,10147.400391,771.43,"1,321.0",2740.449951
2018-03-09,90.09,9466.349609,730.38,"1,320.6",2786.570068
2018-03-10,90.09,9531.320313,749.49,"1,320.6",2786.570068
2018-03-11,90.09,9711.889648,734.93,"1,320.6",2786.570068
2018-03-12,89.89,9937.5,739.0,"1,319.2",2796.97998
2018-03-13,89.66,9470.379883,714.0,"1,322.8",2801.899902
2018-03-14,89.7,9355.849609,704.85,"1,323.6",2777.110107
2018-03-15,90.14,8428.349609,623.7,"1,318.8",2763.030029
2018-03-16,90.23,8585.150391,625.16,"1,310.1",2761.850098
2018-03-17,90.23,8346.530273,604.55,"1,310.1",2761.850098
2018-03-18,90.23,8245.509766,570.0,"1,310.1",2761.850098
2018-03-19,89.77,8675.870117,558.91,"1,312.4",2741.379883
2018-03-20,90.37,9051.019531,568.09,"1,311.0",2724.219971
2018-03-21,89.78,9177.370117,593.0,"1,321.4",2739.139893
2018-03-22,89.86,9100.709961,577.95,"1,329.2",2695.679932
2018-03-23,89.48,8879.620117,543.0,"1,346.6",2657.669922
2018-03-24,89.48,8996.179688,545.0,"1,346.6",2657.669922
2018-03-25,89.48,8682.009766,535.0,"1,346.6",2657.669922
2018-03-26,89.03,8530.080078,525.8,"1,352.4",2661.360107
2018-03-27,89.33,8232.780273,492.31,"1,341.5",2674.780029
2018-03-28,90.06,8122.890137,465.09,"1,332.5",2632.649902
2018-03-29,90.15,7994.330078,448.97,"1,323.9",2659.070068
2018-03-30,89.97,7276.660156,411.0,"1,323.9",2659.070068
2018-03-31,89.97,7207.850098,420.01,"1,323.9",2659.070068
2018-04-01,89.97,7060.950195,399.76,"1,323.9",2659.070068
2018-04-02,90.05,7135.470215,393.69,"1,323.9",2638.300049
2018-04-03,90.2,7530.939941,418.69,"1,333.5",2619.139893
2018-04-04,90.14,7469.879883,417.21,"1,337.3",2649.860107
2018-04-05,90.46,6933.819824,386.99,"1,327.7",2672.080078
2018-04-06,90.11,6857.490234,386.0,"1,331.2",2656.879883
2018-04-07,90.11,7050.540039,395.0,"1,331.2",2656.879883
2018-04-08,90.11,7111.560059,404.0,"1,331.2",2656.879883
2018-04-09,89.84,7178.109863,430.61,"1,332.0",2653.550049
2018-04-10,89.59,6872.410156,418.68,"1,339.0",2665.449951
2018-04-11,89.57,6968.319824,433.33,"1,350.8",2661.429932
2018-04-12,89.75,7899.22998,498.25,"1,341.4",2674.719971
2018-04-13,89.8,8183.959961,529.0,"1,343.7",2680.26001
2018-04-14,89.8,8140.709961,514.0,"1,343.7",2680.26001
2018-04-15,89.8,8338.419922,534.0,"1,343.7",2680.26001
2018-04-16,89.42,8371.150391,538.0,"1,349.4",2686.48999
2018-04-17,89.52,8285.959961,520.91,"1,342.1",2713.340088
2018-04-18,89.62,8197.799805,526.21,"1,351.5",2717.48999
2018-04-19,89.94,8298.69043,568.79,"1,348.6",2702.840088
2018-04-20,90.32,8880.230469,624.99,"1,336.8",2693.939941
2018-04-21,90.32,8997.570313,624.08,"1,336.8",2693.939941
2018-04-22,90.32,9001.639648,642.9,"1,336.8",2693.939941
2018-04-23,90.95,8958.549805,647.85,"1,324.3",2682.860107
2018-04-24,90.77,9732.610352,710.0,"1,328.9",2683.550049
2018-04-25,91.17,9745.320313,703.78,"1,321.7",2645.300049
2018-04-26,91.56,9281.509766,665.0,"1,320.7",2676.47998
2018-04-27,91.54,9375.469727,685.56,"1,321.5",2677.350098
2018-04-28,91.54,9412.089844,692.98,"1,321.5",2677.350098
2018-04-29,91.54,9531.490234,699.0,"1,321.5",2677.350098
2018-04-30,91.84,9477.139648,693.82,"1,313.2",2682.870117
2018-05-01,92.45,9255.879883,674.89,"1,307.1",2655.27002
2018-05-02,92.51,9256.519531,689.29,"1,304.2",2660.870117
2018-05-03,92.41,9798.330078,784.99,"1,315.1",2637.139893
2018-05-04,92.57,9779.200195,802.86,"1,309.4",2670.929932
2018-05-05,92.57,9964.5,824.0,"1,309.4",2670.929932
2018-05-06,92.57,9940.139648,833.0,"1,309.4",2670.929932
2018-05-07,92.75,9665.849609,790.76,"1,309.4",2683.350098
2018-05-08,93.12,9462.75,775.0,"1,306.6",2676.340088
2018-05-09,93.04,9374.759766,760.64,"1,313.9",2701.27002
2018-05-10,92.65,9396.040039,767.0,"1,318.8",2726.110107
2018-05-11,92.54,9052.959961,736.23,"1,324.4",2732.860107
2018-05-12,92.54,8664.860352,691.41,"1,324.4",2732.860107
2018-05-13,92.54,8773.549805,739.76,"1,324.4",2732.860107
2018-05-14,92.59,8881.120117,741.72,"1,319.9",2742.100098
2018-05-15,93.22,8836.19043,738.0,"1,295.0",2718.590088
2018-05-16,93.39,8508.429688,710.53,"1,291.3",2727.76001
2018-05-17,93.47,8445.540039,718.76,"1,289.5",2731.959961
2018-05-18,93.64,8274.120117,692.0,"1,288.3",2719.5
2018-05-19,93.64,8372.05957,715.96,"1,288.3",2719.5
2018-05-20,93.64,8562.410156,722.92,"1,288.3",2719.5
2018-05-21,93.68,8557.519531,717.81,"1,288.4",2739.189941
2018-05-22,93.61,8423.25,699.0,"1,293.1",2742.23999
2018-05-23,94.0,8054.660156,648.69,"1,289.0",2733.330078
2018-05-24,93.76,7738.600098,609.77,"1,304.9",2731.969971
2018-05-25,94.19,7659.140137,615.99,"1,303.5",2727.360107
2018-05-26,94.19,7595.160156,606.1,"1,303.5",2727.360107
2018-05-27,94.19,7381.740234,591.19,"1,303.5",2727.360107
2018-05-28,94.19,7419.049805,574.0,"1,303.5",2727.360107
2018-05-29,94.83,7526.419922,572.73,"1,295.5",2710.669922
2018-05-30,94.15,7573.77002,585.0,"1,300.7",2729.340088
2018-05-31,93.98,7608.899902,584.99,"1,305.4",2722.5
2018-06-01,94.19,7604.72998,588.61,"1,294.6",2736.929932
2018-06-02,94.19,7695.830078,599.95,"1,294.6",2736.929932
2018-06-03,94.19,7754.890137,628.0,"1,294.6",2736.929932
2018-06-04,94.02,7753.819824,624.84,"1,295.5",2749.159912
2018-06-05,93.9,7643.22998,612.0,"1,292.1",2752.610107
2018-06-06,93.66,7680.430176,611.81,"1,300.1",2772.389893
2018-06-07,93.4,7741.27002,615.42,"1,297.3",2779.899902
2018-06-08,93.55,7698.189941,607.0,"1,298.3",2779.389893
2018-06-09,93.55,7683.580078,608.92,"1,298.3",2779.389893
2018-06-10,93.55,7499.549805,592.69,"1,298.3",2779.389893
2018-06-11,93.58,6910.180176,536.01,"1,299.6",2790.209961
2018-06-12,93.8,6907.959961,538.21,"1,298.7",2789.800049
2018-06-13,93.71,6631.660156,502.37,"1,296.2",2791.469971
2018-06-14,94.77,6707.140137,526.1,"1,302.8",2789.060059
2018-06-15,94.79,6681.080078,520.98,"1,285.3",2782.810059
2018-06-16,94.79,6592.490234,502.52,"1,285.3",2782.810059
2018-06-17,94.79,6589.109863,507.88,"1,285.3",2782.810059
2018-06-18,94.8,6781.140137,524.44,"1,281.6",2774.98999
2018-06-19,95.08,6822.5,547.0,"1,276.2",2765.050049
2018-06-20,95.06,6821.560059,541.3,"1,274.2",2774.860107
2018-06-21,94.74,6810.939941,545.0,"1,266.2",2769.280029
2018-06-22,94.52,6747.080078,525.52,"1,269.2",2764.169922
2018-06-23,94.52,6224.819824,480.33,"1,269.2",2764.169922
2018-06-24,94.52,6223.779785,476.15,"1,269.2",2764.169922
2018-06-25,94.28,6327.370117,472.75,"1,268.7",2742.939941
2018-06-26,94.66,6290.160156,461.0,"1,260.3",2732.909912
2018-06-27,95.27,6180.0,445.45,"1,254.6",2746.090088
2018-06-28,95.39,6170.410156,444.0,"1,251.6",2724.340088
2018-06-29,94.64,6261.660156,442.73,"1,250.5",2743.26001
2018-06-30,94.64,6465.509766,461.0,"1,250.5",2743.26001
2018-07-01,94.64,6432.850098,455.92,"1,250.5",2743.26001
2018-07-02,95.03,6683.859863,481.9,"1,247.8",2727.26001
2018-07-03,94.67,6671.370117,485.67,"1,251.8",2736.580078
2018-07-04,94.67,6771.919922,481.6,"1,255.7",2736.580078
2018-07-05,94.47,6749.540039,478.07,"1,255.5",2737.830078
2018-07-06,94.04,6700.939941,475.0,"1,255.4",2764.409912
2018-07-07,94.04,6863.990234,486.3,"1,255.4",2764.409912
2018-07-08,94.04,6885.910156,495.0,"1,255.4",2764.409912
2018-07-09,94.08,6838.680176,487.88,"1,262.1",2784.649902
2018-07-10,94.15,6767.740234,473.57,"1,254.0",2795.580078
2018-07-11,94.72,6444.959961,447.3,"1,251.4",2785.909912
2018-07-12,94.81,6397.100098,445.72,"1,245.9",2799.219971
2018-07-13,94.75,6310.549805,441.95,"1,241.7",2804.530029
2018-07-14,94.75,6298.189941,440.57,"1,241.7",2804.530029
2018-07-15,94.75,6403.459961,454.27,"1,241.7",2804.530029
2018-07-16,94.51,6741.75,480.0,"1,241.1",2801.189941
2018-07-17,94.94,7387.240234,511.11,"1,232.8",2814.189941
2018-07-18,95.08,7534.990234,515.88,"1,224.5",2816.76001
2018-07-19,95.15,7494.459961,483.36,"1,217.6",2812.050049
2018-07-20,94.45,7594.669922,469.22,"1,228.8",2809.699951
2018-07-21,94.45,7437.640137,467.97,"1,228.8",2809.699951
2018-07-22,94.45,7537.950195,471.22,"1,228.8",2809.699951
2018-07-23,94.67,7771.5,469.0,"1,225.0",2808.610107
2018-07-24,94.61,8424.269531,484.56,"1,228.4",2829.98999
2018-07-25,94.36,8416.870117,485.0,"1,231.5",2848.030029
2018-07-26,94.75,8290.330078,483.99,"1,228.3",2845.570068
2018-07-27,94.67,8262.660156,473.49,"1,224.0",2843.169922
2018-07-28,94.67,8222.849609,471.42,"1,224.0",2843.169922
2018-07-29,94.67,8272.259766,470.91,"1,224.0",2843.169922
2018-07-30,94.32,8235.5,469.02,"1,223.8",2821.73999
2018-07-31,94.49,8181.529785,462.04,"1,221.0",2824.459961
2018-08-01,94.62,7769.040039,434.39,"1,219.0",2825.830078
2018-08-02,95.16,7712.77002,423.92,"1,215.5",2829.909912
2018-08-03,95.14,7562.140137,419.25,"1,216.3",2840.379883
2018-08-04,95.14,7497.490234,420.0,"1,216.3",2840.379883
2018-08-05,95.14,7102.77002,413.16,"1,216.3",2840.379883
2018-08-06,95.36,7166.549805,414.0,"1,209.7",2853.290039
2018-08-07,95.22,7146.560059,410.2,"1,212.4",2863.429932
2018-08-08,95.05,6746.850098,380.73,"1,209.6",2862.439941
2018-08-09,95.5,6625.72998,370.29,"1,214.4",2862.47998
2018-08-10,96.36,6591.259766,365.76,"1,214.4",2842.199951
2018-08-11,96.36,6455.740234,328.15,"1,214.4",2842.199951
2018-08-12,96.36,6409.850098,308.09,"1,214.4",2842.199951
2018-08-13,96.39,6537.049805,322.29,"1,200.4",2843.399902
2018-08-14,96.73,6287.939941,284.25,"1,197.0",2843.110107
2018-08-15,96.7,6588.490234,304.75,"1,182.0",2827.949951
2018-08-16,96.64,6473.5,299.03,"1,180.4",2850.48999
2018-08-17,96.1,6582.5,317.49,"1,178.4",2855.629883
2018-08-18,96.1,6617.350098,321.08,"1,178.4",2855.629883
2018-08-19,96.1,6537.97998,306.85,"1,178.4",2855.629883
2018-08-20,95.9,6536.919922,303.82,"1,184.4",2859.76001
2018-08-21,95.26,6500.870117,285.68,"1,191.0",2873.22998
2018-08-22,95.15,6816.790039,298.67,"1,196.7",2867.540039
2018-08-23,95.67,6546.540039,280.75,"1,192.4",2868.780029
2018-08-24,95.15,6719.959961,283.0,"1,197.7",2876.159912
2018-08-25,95.15,6789.629883,282.78,"1,197.7",2876.159912
2018-08-26,95.15,6774.75,277.74,"1,197.7",2876.159912
2018-08-27,94.78,6884.640137,288.38,"1,197.7",2898.25
2018-08-28,94.72,7109.560059,297.53,"1,212.3",2903.77002
2018-08-29,94.6,7113.299805,297.0,"1,204.2",2916.5
2018-08-30,94.72,7072.689941,290.98,"1,197.3",2912.459961
2018-08-31,95.14,7057.169922,284.8,"1,202.5",2906.320068
2018-09-01,95.14,7242.290039,302.0,"1,202.5",2906.320068
2018-09-02,95.14,7306.310059,299.61,"1,202.5",2906.320068
2018-09-03,95.14,7317.939941,296.45,"1,200.1",2906.320068
2018-09-04,95.44,7388.259766,291.97,"1,190.9",2900.179932
2018-09-05,95.18,7388.430176,287.64,"1,196.7",2894.209961
2018-09-06,95.02,6755.140137,235.0,"1,205.2",2892.050049
2018-09-07,95.36,6555.290039,234.04,"1,198.9",2883.810059
2018-09-08,95.36,6534.25,219.51,"1,198.9",2883.810059
2018-09-09,95.36,6446.259766,208.11,"1,198.9",2883.810059
2018-09-10,95.15,6374.97998,202.52,"1,196.6",2886.929932
2018-09-11,95.25,6398.919922,198.95,"1,189.9",2892.52002
2018-09-12,94.8,6363.870117,184.9,"1,195.6",2894.649902
2018-09-13,94.52,6535.410156,214.94,"1,209.8",2906.76001
2018-09-14,94.93,6596.100098,224.79,"1,202.0",2908.300049
2018-09-15,94.93,6561.720215,226.86,"1,202.0",2908.300049
2018-09-16,94.93,6544.330078,223.58,"1,202.0",2908.300049
2018-09-17,94.5,6540.209961,224.88,"1,201.9",2904.649902
2018-09-18,94.64,6384.180176,214.38,"1,200.2",2911.169922
2018-09-19,94.54,6448.459961,214.5,"1,203.3",2912.360107
2018-09-20,93.91,6529.259766,230.78,"1,208.4",2934.800049
2018-09-21,94.22,6794.330078,253.46,"1,198.7",2940.909912
2018-09-22,94.22,6814.560059,255.22,"1,198.7",2940.909912
2018-09-23,94.22,6766.149902,248.99,"1,198.7",2940.909912
2018-09-24,94.19,6713.560059,246.36,"1,202.8",2923.790039
2018-09-25,94.13,6603.640137,228.0,"1,201.9",2923.949951
2018-09-26,94.19,6585.910156,222.49,"1,194.3",2931.149902
2018-09-27,94.89,6712.100098,234.11,"1,185.4",2927.219971
2018-09-28,95.13,6785.029785,233.27,"1,187.3",2920.530029
2018-09-29,95.13,6643.100098,235.71,"1,187.3",2920.530029
2018-09-30,95.13,6643.779785,238.42,"1,187.3",2920.530029
2018-10-01,95.3,6653.299805,234.87,"1,189.4",2937.060059
2018-10-02,95.51,6611.839844,230.8,"1,204.7",2931.419922
2018-10-03,95.76,6571.459961,225.84,"1,201.2",2939.860107
2018-10-04,95.75,6603.310059,225.0,"1,203.5",2919.780029
2018-10-05,95.62,6623.620117,230.11,"1,203.8",2909.639893
2018-10-06,95.62,6628.540039,227.22,"1,203.8",2909.639893
2018-10-07,95.62,6641.490234,225.91,"1,203.8",2909.639893
2018-10-08,95.76,6675.060059,230.54,"1,187.0",2889.449951
2018-10-09,95.67,6661.410156,229.36,"1,185.6",2894.830078
2018-10-10,95.51,6640.290039,230.0,"1,188.6",2874.02002
2018-10-11,95.02,6586.740234,224.0,"1,205.6",2795.139893
2018-10-12,95.22,6328.5,197.84,"1,219.8",2775.77002
2018-10-13,95.22,6308.509766,198.5,"1,219.8",2775.77002
2018-10-14,95.22,6363.209961,201.1,"1,219.8",2775.77002
2018-10-15,95.06,6965.060059,221.57,"1,230.0",2775.98999
2018-10-16,95.05,6673.589844,204.26,"1,230.7",2813.459961
2018-10-17,95.58,6601.209961,206.5,"1,229.1",2816.939941
2018-10-18,95.9,6567.540039,205.32,"1,223.0",2806.040039
2018-10-19,95.71,6493.680176,201.53,"1,227.9",2797.77002
2018-10-20,95.71,6497.720215,204.55,"1,227.9",2797.77002
2018-10-21,95.71,6556.379883,205.89,"1,227.9",2797.77002
2018-10-22,96.01,6543.799805,203.1,"1,222.3",2778.939941
2018-10-23,95.96,6506.009766,202.04,"1,236.0",2753.590088
2018-10-24,96.43,6521.990234,203.14,"1,230.6",2742.590088
2018-10-25,96.68,6504.649902,200.94,"1,230.8",2722.699951
2018-10-26,96.36,6498.290039,204.0,"1,233.9",2692.379883
2018-10-27,96.36,6507.410156,201.58,"1,233.9",2692.379883
2018-10-28,96.36,6502.279785,203.08,"1,233.9",2692.379883
2018-10-29,96.58,6503.600098,202.67,"1,230.8",2706.850098
2018-10-30,97.01,6364.990234,196.28,"1,225.4",2685.429932
2018-10-31,97.13,6349.160156,198.99,"1,215.0",2736.689941
2018-11-01,96.28,6547.140137,198.24,"1,231.2",2741.669922
2018-11-02,96.54,6396.859863,202.21,"1,232.1",2756.550049
2018-11-03,96.54,6400.069824,199.94,"1,232.1",2756.550049
2018-11-04,96.54,6388.629883,217.55,"1,232.1",2756.550049
2018-11-05,96.28,6480.589844,211.27,"1,232.3",2744.27002
2018-11-06,96.32,6463.549805,218.88,"1,231.6",2756.820068
2018-11-07,96.0,6552.160156,222.78,"1,230.0",2815.149902
2018-11-08,96.72,6536.919922,217.98,"1,224.2",2814.75
2018-11-09,96.91,6456.459961,212.07,"1,211.4",2794.100098
2018-11-10,96.91,6437.279785,212.58,"1,211.4",2794.100098
2018-11-11,96.91,6423.25,210.99,"1,211.4",2794.100098
2018-11-12,97.54,6434.209961,211.93,"1,205.6",2775.98999
2018-11-13,97.3,6395.27002,208.74,"1,202.1",2754.600098
2018-11-14,96.8,6371.549805,204.85,"1,203.3",2746.800049
2018-11-15,96.93,5774.819824,181.09,"1,211.9",2735.379883
2018-11-16,96.47,5657.02002,179.86,"1,222.4",2746.75
2018-11-17,96.47,5578.580078,174.99,"1,222.4",2746.75
2018-11-18,96.47,5653.609863,179.55,"1,222.4",2746.75
2018-11-19,96.19,5620.779785,175.79,"1,221.6",2733.159912
2018-11-20,96.84,4951.609863,149.67,"1,223.0",2669.439941
2018-11-21,96.71,4675.72998,137.27,"1,226.1",2670.72998
2018-11-22,96.71,4629.640137,136.99,"1,227.1",2670.72998
2018-11-23,96.92,4396.419922,125.12,"1,223.7",2647.550049
2018-11-24,96.92,4413.089844,125.96,"1,223.7",2647.550049
2018-11-25,96.92,4120.870117,118.81,"1,223.7",2647.550049
2018-11-26,97.07,4107.140137,116.85,"1,223.4",2674.350098
2018-11-27,97.37,3862.959961,111.23,"1,221.2",2682.530029
2018-11-28,96.79,4385.899902,126.0,"1,213.3",2744.0
2018-11-29,96.78,4413.020508,123.03,"1,226.3",2753.75
2018-11-30,97.27,4322.976563,119.46,"1,217.6",2760.879883
2018-12-01,97.27,4309.377441,121.12,"1,217.6",2760.879883
2018-12-02,97.27,4301.519531,119.38,"1,217.6",2760.879883
2018-12-03,97.04,4155.979492,115.1,"1,230.3",2800.179932
2018-12-04,96.97,4075.627686,112.05,"1,240.3",2785.929932
2018-12-05,97.07,3969.535889,109.12,"1,235.9",2785.929932
2018-12-06,96.81,3874.966064,105.0,"1,242.6",2696.149902
2018-12-07,96.51,3512.590332,96.51,"1,243.3",2708.540039
2018-12-08,96.51,3506.043457,94.18,"1,243.3",2708.540039
2018-12-09,96.51,3685.305664,98.29,"1,243.3",2708.540039
2018-12-10,97.22,3647.33252,94.87,"1,245.4",2647.51001
2018-12-11,97.39,3513.185059,90.95,"1,245.3",2674.350098
2018-12-12,97.04,3534.228516,91.0,"1,245.8",2685.439941
2018-12-13,97.06,3489.739502,90.23,"1,242.8",2670.189941
2018-12-14,97.44,3329.555908,85.92,"1,235.4",2635.070068
2018-12-15,97.44,3275.37793,84.98,"1,235.4",2635.070068
2018-12-16,97.44,3305.753174,86.62,"1,235.4",2635.070068
2018-12-17,97.1,3597.917969,97.24,"1,241.7",2601.129883
2018-12-18,97.1,3701.349365,101.48,"1,246.3",2573.98999
2018-12-19,97.03,3949.322998,109.21,"1,255.0",2585.290039
2018-12-20,96.28,4191.228516,118.0,"1,259.8",2509.629883
2018-12-21,96.96,4198.429688,119.2,"1,258.2",2504.409912
2018-12-22,96.96,4014.182617,120.0,"1,258.2",2504.409912
2018-12-23,96.96,4085.723633,133.0,"1,258.2",2504.409912
2018-12-24,96.55,4271.79248,159.26,"1,258.2",2410.340088
2018-12-25,96.55,4089.561523,139.8,"1,258.2",2410.340088
2018-12-26,97.05,3893.359619,136.42,"1,258.2",2467.76001
2018-12-27,96.48,3874.416992,131.79,"1,268.0",2489.100098
2018-12-28,96.4,3956.135986,138.44,"1,279.0",2520.27002
2018-12-29,96.4,3963.758789,147.0,"1,279.0",2520.27002
2018-12-30,96.4,3901.908936,139.96,"1,279.0",2520.27002
2018-12-31,96.17,3868.74292,138.99,"1,279.0",2509.23999
2019-01-01,96.17,3850.913818,140.92,"1,279.0",2509.23999
2019-01-02,96.82,3947.981201,156.83,"1,282.9",2519.48999
2019-01-03,96.31,3935.685059,154.39,"1,290.5",2493.139893
2019-01-04,96.18,3865.93457,155.46,"1,279.9",2538.070068
2019-01-05,96.18,3904.903076,160.7,"1,279.9",2538.070068
2019-01-06,96.18,4093.297363,159.5,"1,279.9",2538.070068
2019-01-07,95.67,4092.613525,157.07,"1,292.2",2566.159912
2019-01-08,95.9,4109.020996,153.01,"1,286.5",2579.820068
2019-01-09,95.22,4068.403564,153.12,"1,288.6",2595.320068
2019-01-10,95.54,4064.06665,150.84,"1,291.9",2597.820068
2019-01-11,95.67,3713.881836,128.82,"1,289.0",2596.27002
2019-01-12,95.67,3698.978271,127.31,"1,289.0",2596.27002
2019-01-13,95.67,3674.76001,125.32,"1,289.0",2596.27002
2019-01-14,95.61,3727.836182,131.47,"1,292.8",2589.320068
2019-01-15,96.04,3720.15332,130.63,"1,294.4",2613.080078
2019-01-16,96.06,3685.7771,127.51,"1,292.3",2625.76001
2019-01-17,96.06,3680.135986,123.8,"1,290.7",2645.060059
2019-01-18,96.34,3682.52002,122.63,"1,284.2",2675.469971
2019-01-19,96.34,3758.533447,126.37,"1,284.2",2675.469971
2019-01-20,96.34,3743.387939,123.62,"1,284.2",2675.469971
2019-01-21,96.34,3608.84082,118.16,"1,279.6",2675.469971
2019-01-22,96.3,3620.746582,119.59,"1,282.1",2657.879883
2019-01-23,96.12,3623.067871,118.94,"1,279.8",2653.189941
2019-01-24,96.6,3616.087402,117.05,"1,283.7",2647.199951
2019-01-25,95.79,3612.927734,117.06,"1,293.9",2672.379883
2019-01-26,95.79,3654.933105,117.4,"1,293.9",2672.379883
2019-01-27,95.79,3612.671387,115.22,"1,293.9",2672.379883
2019-01-28,95.75,3586.750977,112.1,"1,302.2",2644.969971
2019-01-29,95.82,3476.06543,105.91,"1,307.6",2650.929932
2019-01-30,95.34,3495.174805,109.44,"1,310.7",2690.439941
2019-01-31,95.58,3504.804932,110.03,"1,323.3",2708.949951
2019-02-01,95.58,3501.954102,107.44,"1,318.7",2716.659912
2019-02-02,95.58,3523.287354,110.0,"1,318.7",2716.659912
2019-02-03,95.58,3521.388184,109.77,"1,318.7",2716.659912
2019-02-04,95.85,3476.223877,107.85,"1,312.2",2724.98999
2019-02-05,96.07,3478.148193,106.66,"1,314.2",2738.97998
2019-02-06,96.39,3469.091797,106.4,"1,312.4",2738.080078
2019-02-07,96.51,3427.945557,104.74,"1,310.0",2719.320068
2019-02-08,96.64,3695.614014,121.93,"1,314.9",2708.070068
2019-02-09,96.64,3679.941406,119.69,"1,314.9",2708.070068
2019-02-10,96.64,3695.036133,125.02,"1,314.9",2708.070068
2019-02-11,97.06,3695.613037,124.11,"1,306.4",2718.050049
2019-02-12,96.71,3668.586914,122.35,"1,310.0",2748.189941
2019-02-13,97.13,3669.746582,125.09,"1,312.8",2761.850098
2019-02-14,96.98,3646.256592,123.07,"1,311.5",2757.899902
2019-02-15,96.9,3647.795166,123.3,"1,316.6",2775.659912
2019-02-16,96.9,3652.841309,123.57,"1,316.6",2775.659912
2019-02-17,96.9,3680.537354,136.86,"1,316.6",2775.659912
2019-02-18,96.9,3936.665039,147.83,"1,325.5",2775.659912
2019-02-19,96.52,4010.879395,149.13,"1,334.2",2787.330078
2019-02-20,96.45,4000.486328,148.33,"1,343.8",2789.879883
2019-02-21,96.61,4010.009521,148.55,"1,331.3",2781.580078
2019-02-22,96.51,4006.53833,147.99,"1,329.1",2794.199951
2019-02-23,96.51,4166.286133,159.43,"1,329.1",2794.199951
2019-02-24,96.51,4210.641602,165.5,"1,329.1",2794.199951
2019-02-25,96.41,3913.707275,141.02,"1,331.1",2813.48999
2019-02-26,96.0,3891.578857,138.09,"1,325.1",2803.120117
2019-02-27,96.15,3888.80249,139.55,"1,322.9",2795.76001
2019-02-28,96.16,3906.05835,138.94,"1,319.2",2793.72998
2019-03-01,96.53,3907.79541,137.53,"1,312.0",2808.02002
2019-03-02,96.53,3874.607422,136.2,"1,312.0",2808.02002
2019-03-03,96.53,3875.483643,134.56,"1,312.0",2808.02002
2019-03-04,96.68,3867.381836,130.35,"1,285.4",2816.879883
2019-03-05,96.87,3903.916748,137.52,"1,283.8",2796.439941
2019-03-06,96.87,3919.510498,140.18,"1,285.9",2790.27002
2019-03-07,97.67,3939.373291,139.5,"1,285.3",2767.25
2019-03-08,97.31,3950.432129,138.62,"1,296.8",2744.129883
2019-03-09,97.31,3987.237793,138.04,"1,296.8",2744.129883
2019-03-10,97.31,3966.174316,136.55,"1,296.8",2744.129883
2019-03-11,97.22,3966.384766,135.39,"1,292.8",2784.0
2019-03-12,96.94,3926.88916,134.41,"1,297.1",2798.320068
2019-03-13,96.55,3926.597656,132.85,"1,307.0",2821.23999
2019-03-14,96.78,3946.504395,134.7,"1,295.6",2815.0
2019-03-15,96.59,3968.542969,136.81,"1,303.5",2830.72998
2019-03-16,96.59,4077.036377,144.78,"1,303.5",2830.72998
2019-03-17,96.59,4054.12207,140.79,"1,303.5",2830.72998
2019-03-18,96.52,4071.556641,141.2,"1,305.6",2835.409912
2019-03-19,96.38,4082.216064,138.62,"1,307.7",2852.419922
2019-03-20,95.76,4089.461914,139.22,"1,303.7",2843.540039
2019-03-21,96.5,4097.359863,139.13,"1,309.6",2860.310059
2019-03-22,96.65,4053.906738,137.08,"1,311.3",2846.159912
2019-03-23,96.65,4049.882568,137.64,"1,311.3",2846.159912
2019-03-24,96.65,4040.699707,136.56,"1,311.3",2846.159912
2019-03-25,96.57,4038.84082,136.13,"1,319.6",2809.790039
2019-03-26,96.74,3985.080811,133.76,"1,316.3",2829.870117
2019-03-27,96.77,4087.066162,139.73,"1,309.7",2825.560059
2019-03-28,97.2,4094.9021,139.12,"1,295.2",2819.709961
2019-03-29,97.28,4113.500977,141.65,"1,295.4",2836.030029
2019-03-30,97.28,4296.806641,145.74,"1,295.4",2836.030029
2019-03-31,97.28,4113.023438,142.1,"1,295.4",2836.030029
2019-04-01,97.23,4164.953125,142.91,"1,293.5",2869.399902
2019-04-02,97.36,4905.95459,167.47,"1,290.3",2872.899902
2019-04-03,97.09,5307.003418,179.94,"1,290.5",2885.25
2019-04-04,97.31,5063.159668,164.84,"1,283.2",2881.280029
2019-04-05,97.39,5053.509766,168.51,"1,288.5",2893.23999
2019-04-06,97.39,5205.821777,174.49,"1,288.5",2893.23999
2019-04-07,97.39,5235.186523,176.96,"1,288.5",2893.23999
2019-04-08,97.05,5318.836426,188.0,"1,300.0",2895.949951
2019-04-09,97.01,5289.917969,181.15,"1,303.0",2886.879883
2019-04-10,96.95,5421.651367,185.48,"1,305.5",2889.709961
2019-04-11,97.18,5354.225586,177.66,"1,298.8",2893.419922
2019-04-12,96.97,5103.274414,167.27,"1,294.3",2910.540039
2019-04-13,96.97,5127.12207,166.04,"1,294.3",2910.540039
2019-04-14,96.97,5184.016113,169.03,"1,294.3",2910.540039
2019-04-15,96.94,5196.606934,169.79,"1,285.7",2909.600098
2019-04-16,97.04,5238.945313,167.95,"1,276.4",2916.060059
2019-04-17,97.01,5274.275391,168.62,"1,275.9",2918.0
2019-04-18,97.47,5319.986328,176.19,"1,275.7",2908.399902
2019-04-19,97.38,5336.680176,174.3,"1,275.7",2908.399902
2019-04-20,97.38,5358.490723,177.71,"1,275.7",2908.399902
2019-04-21,97.38,5359.924805,174.48,"1,275.7",2908.399902
2019-04-22,97.29,5422.6875,173.59,"1,275.7",2909.51001
2019-04-23,97.64,5633.802246,176.95,"1,269.5",2936.310059
2019-04-24,98.17,5642.044434,171.06,"1,271.7",2936.830078
2019-04-25,98.2,5542.238281,166.29,"1,280.8",2933.100098
2019-04-26,98.01,5383.634277,155.86,"1,284.2",2939.879883
2019-04-27,98.01,5310.75,158.1,"1,284.2",2939.879883
2019-04-28,98.01,5326.231934,156.72,"1,284.2",2939.879883
2019-04-29,97.86,5311.274902,154.7,"1,279.5",2949.52002
2019-04-30,97.48,5363.257324,161.13,"1,282.3",2948.219971
2019-05-01,97.69,5418.003906,162.65,"1,283.8",2954.129883
2019-05-02,97.83,5522.262695,160.56,"1,271.0",2931.679932
2019-05-03,97.52,5865.881836,169.0,"1,278.6",2947.850098
2019-05-04,97.52,5886.893555,168.34,"1,278.6",2947.850098
2019-05-05,97.52,5833.862793,163.65,"1,278.6",2947.850098
2019-05-06,97.52,5802.95752,175.92,"1,278.6",2937.320068
2019-05-07,97.63,5988.178223,180.79,"1,281.2",2913.030029
2019-05-08,97.62,5989.980957,171.66,"1,285.2",2897.959961
2019-05-09,97.37,6183.039063,173.2,"1,286.1",2875.969971
2019-05-10,97.33,6434.617676,176.0,"1,287.1",2891.310059
2019-05-11,97.33,7333.00293,208.23,"1,287.1",2891.310059
2019-05-12,97.33,7503.87207,204.17,"1,287.1",2891.310059
2019-05-13,97.32,8047.413086,209.53,"1,295.6",2840.189941
2019-05-14,97.53,8268.712891,220.59,"1,298.4",2852.540039
2019-05-15,97.57,8216.423828,251.0,"1,299.1",2858.679932
2019-05-16,97.86,8320.824219,280.41,"1,291.7",2892.149902
2019-05-17,98.0,7929.145508,269.21,"1,280.8",2885.47998
2019-05-18,98.0,7447.271973,248.73,"1,280.8",2885.47998
2019-05-19,98.0,8261.941406,264.84,"1,280.8",2885.47998
2019-05-20,97.93,8200.967773,260.73,"1,276.9",2853.860107
2019-05-21,98.06,8062.167969,264.42,"1,271.2",2868.879883
2019-05-22,98.04,7997.612305,261.13,"1,273.8",2865.469971
2019-05-23,97.86,7943.791504,248.51,"1,283.7",2836.699951
2019-05-24,97.61,8140.719727,256.11,"1,282.5",2841.360107
2019-05-25,97.61,8117.925781,258.48,"1,282.5",2841.360107
2019-05-26,97.61,8687.520508,271.32,"1,282.5",2841.360107
2019-05-27,97.61,8907.174805,279.99,"1,282.5",2841.360107
2019-05-28,97.95,8807.016602,276.39,"1,278.3",2840.51001
2019-05-29,98.14,8755.852539,274.59,"1,281.7",2792.030029
2019-05-30,98.14,9008.314453,288.93,"1,281.0",2799.0
2019-05-31,97.75,8586.65918,264.21,"1,295.6",2768.97998
2019-06-01,97.75,8625.600586,273.0,"1,295.6",2768.97998
2019-06-02,97.75,8809.303711,274.0,"1,295.6",2768.97998
2019-06-03,97.14,8743.5,270.0,"1,317.1",2763.070068
2019-06-04,97.07,8210.985352,250.96,"1,324.3",2804.48999
2019-06-05,97.32,7901.849121,249.14,"1,335.1",2827.280029
2019-06-06,97.04,7937.34082,250.99,"1,335.5",2852.100098
2019-06-07,96.54,8126.15332,254.36,"1,340.7",2884.969971
2019-06-08,96.54,8076.891113,251.04,"1,340.7",2884.969971
2019-06-09,96.54,7975.974121,245.33,"1,340.7",2884.969971
2019-06-10,96.76,8031.909668,247.79,"1,328.6",2904.77002
2019-06-11,96.69,8026.394043,249.04,"1,324.3",2910.610107
2019-06-12,97.0,8196.648438,263.82,"1,332.4",2888.570068
2019-06-13,97.01,8311.567383,264.52,"1,335.9",2895.23999
2019-06-14,97.57,8710.636719,266.19,"1,351.3",2894.449951
2019-06-15,97.57,8859.12793,273.03,"1,351.3",2894.449951
2019-06-16,97.57,9335.867188,279.0,"1,351.3",2894.449951
2019-06-17,97.56,9416.407227,275.79,"1,341.3",2897.27002
2019-06-18,97.64,9348.374023,274.19,"1,341.4",2930.790039
2019-06-19,97.12,9299.621094,270.01,"1,344.1",2931.73999
2019-06-20,96.63,9594.419922,274.44,"1,379.5",2958.060059
2019-06-21,96.22,10144.556641,297.59,"1,397.2",2964.149902
2019-06-22,96.22,11157.345703,316.13,"1,397.2",2964.149902
2019-06-23,96.22,11246.144531,317.68,"1,397.2",2964.149902
2019-06-24,95.98,11065.896484,313.23,"1,405.7",2954.919922
2019-06-25,96.14,11790.916992,317.24,"1,431.4",2946.52002
2019-06-26,96.21,13796.489258,363.85,"1,404.0",2932.590088
2019-06-27,96.19,13311.144531,343.17,"1,402.5",2929.300049
2019-06-28,96.13,12445.174805,312.55,"1,409.0",2943.97998
2019-06-29,96.13,12400.910156,324.19,"1,409.0",2943.97998
2019-06-30,96.13,12178.383789,323.17,"1,409.0",2943.97998
2019-07-01,96.84,11206.439453,301.0,"1,390.1",2977.929932
2019-07-02,96.73,10912.188477,293.43,"1,391.1",2973.209961
2019-07-03,96.77,11968.078125,303.64,"1,413.5",2995.840088
2019-07-04,96.77,12006.075195,303.8,"1,414.9",2995.840088
2019-07-05,97.29,11395.661133,294.89,"1,388.7",2994.030029
2019-07-06,97.29,11620.964844,297.78,"1,388.7",2994.030029
2019-07-07,97.29,11541.620117,310.98,"1,388.7",2994.030029
2019-07-08,97.38,12345.833008,314.82,"1,400.1",2980.76001
2019-07-09,97.49,12779.131836,318.4,"1,391.6",2981.899902
2019-07-10,97.1,13129.529297,315.0,"1,408.3",3002.97998
2019-07-11,97.05,12144.623047,288.73,"1,413.8",3002.330078
2019-07-12,96.81,11905.487305,279.55,"1,407.6",3013.919922
2019-07-13,96.81,11841.957031,275.97,"1,407.6",3013.919922
2019-07-14,96.81,11451.204102,270.04,"1,407.6",3013.919922
2019-07-15,96.93,11052.766602,235.97,"1,412.4",3017.800049
2019-07-16,97.39,10996.632813,234.38,"1,409.9",3015.02002
2019-07-17,97.22,9963.134766,220.0,"1,410.4",3005.26001
2019-07-18,96.79,10736.842773,229.49,"1,417.5",2998.280029
2019-07-19,97.15,10716.980469,226.7,"1,439.7",3006.02002
2019-07-20,97.15,11048.662109,236.0,"1,439.7",3006.02002
2019-07-21,97.15,10841.887695,229.58,"1,439.7",3006.02002
2019-07-22,97.26,10651.791016,228.01,"1,427.8",2990.709961
2019-07-23,97.7,10346.748047,219.0,"1,425.6",3005.899902
2019-07-24,97.73,9908.796875,218.1,"1,427.0",3019.590088
2019-07-25,97.82,10154.253906,225.9,"1,416.1",3016.310059
2019-07-26,98.01,9916.517578,220.78,"1,420.4",3027.97998
2019-07-27,98.01,10167.320313,223.8,"1,420.4",3027.97998
2019-07-28,98.01,9575.544922,213.59,"1,420.4",3027.97998
2019-07-29,98.04,9681.648438,215.23,"1,419.1",3025.610107
2019-07-30,98.05,9701.759766,214.77,"1,425.9",3017.189941
2019-07-31,98.52,10085.62793,218.92,"1,427.6",3017.399902
2019-08-01,98.37,10446.919922,218.91,"1,406.8",3013.590088
2019-08-02,98.07,10657.953125,222.58,"1,441.8",2945.5
2019-08-03,98.07,10946.78125,224.5,"1,441.8",2945.5
2019-08-04,98.07,11009.207031,223.89,"1,441.8",2945.5
2019-08-05,97.52,11895.091797,236.8,"1,465.3",2898.070068
2019-08-06,97.63,12273.821289,239.14,"1,465.3",2884.399902
2019-08-07,97.54,12036.990234,231.22,"1,506.1",2892.169922
2019-08-08,97.62,11979.419922,226.78,"1,495.8",2938.719971
2019-08-09,97.49,11970.458008,220.0,"1,497.7",2935.75
2019-08-10,97.49,11915.655273,214.43,"1,497.7",2935.75
2019-08-11,97.49,11523.579102,216.54,"1,497.7",2935.75
2019-08-12,97.38,11528.189453,216.06,"1,504.7",2907.580078
2019-08-13,97.81,11420.049805,211.2,"1,498.4",2943.310059
2019-08-14,97.99,10889.556641,209.03,"1,513.3",2894.149902
2019-08-15,98.14,10437.411133,189.69,"1,515.7",2856.669922
2019-08-16,98.14,10524.349609,188.14,"1,515.3",2893.629883
2019-08-17,98.14,10452.625,187.19,"1,515.3",2893.629883
2019-08-18,98.14,10487.070313,198.03,"1,515.3",2893.629883
2019-08-19,98.35,10916.053711,203.57,"1,496.6",2931.0
2019-08-20,98.19,10947.041992,202.94,"1,504.6",2923.629883
2019-08-21,98.3,10798.729492,196.67,"1,503.3",2928.72998
2019-08-22,98.17,10232.996094,194.91,"1,502.1",2939.080078
2019-08-23,97.64,10442.443359,196.6,"1,503.8",2927.01001
2019-08-24,97.64,10418.020508,194.81,"1,503.8",2927.01001
2019-08-25,97.64,10304.62207,192.89,"1,503.8",2927.01001
2019-08-26,98.08,10512.328125,193.85,"1,503.8",2879.27002
2019-08-27,98.0,10381.328125,189.12,"1,533.0",2898.790039
2019-08-28,98.21,10279.366211,188.09,"1,537.2",2890.030029
2019-08-29,98.51,9756.786133,173.39,"1,540.2",2930.5
2019-08-30,98.92,9656.124023,170.33,"1,528.4",2940.429932
2019-08-31,98.92,9673.220703,174.5,"1,528.4",2940.429932
2019-09-01,98.92,9796.755859,174.04,"1,528.4",2940.429932
2019-09-02,98.92,10396.591797,181.67,"1,526.0",2940.429932
2019-09-03,99.0,10736.104492,183.3,"1,537.9",2914.389893
2019-09-04,98.45,10762.644531,180.35,"1,546.1",2938.840088
2019-09-05,98.41,10627.269531,178.87,"1,529.1",2985.860107
2019-09-06,98.39,10898.761719,178.5,"1,523.7",2985.030029
2019-09-07,98.39,10558.673828,180.9,"1,523.7",2985.030029
2019-09-08,98.39,10595.637695,184.54,"1,523.7",2985.030029
2019-09-09,98.28,10450.311523,185.94,"1,509.2",2989.429932
2019-09-10,98.33,10394.353516,184.35,"1,498.3",2979.389893
2019-09-11,98.64,10215.948242,182.7,"1,490.7",3000.929932
2019-09-12,98.31,10442.253906,182.6,"1,515.2",3020.73999
2019-09-13,98.26,10441.489258,181.8,"1,503.1",3017.330078
2019-09-14,98.26,10422.133789,189.95,"1,503.1",3017.330078
2019-09-15,98.26,10387.035156,191.03,"1,503.1",3017.330078
2019-09-16,98.61,10386.867188,199.75,"1,497.2",3002.189941
2019-09-17,98.26,10296.771484,215.0,"1,502.1",3006.209961
2019-09-18,98.56,10275.928711,217.25,"1,503.5",3007.830078
2019-09-19,98.27,10295.668945,224.71,"1,500.7",3021.98999
2019-09-20,98.51,10285.87207,220.49,"1,501.9",3016.370117
2019-09-21,98.51,10188.097656,221.4,"1,501.9",3016.370117
2019-09-22,98.51,10074.444336,215.23,"1,501.9",3016.370117
2019-09-23,98.6,10074.238281,211.41,"1,522.1",2999.149902
2019-09-24,98.34,9804.317383,202.69,"1,520.7",3007.97998
2019-09-25,99.04,8744.828125,175.0,"1,528.8",2989.820068
2019-09-26,99.13,8515.685547,170.93,"1,506.4",2987.280029
2019-09-27,99.11,8271.520508,177.08,"1,489.9",2987.310059
2019-09-28,99.11,8285.617188,175.87,"1,489.9",2987.310059
2019-09-29,99.11,8261.707031,174.71,"1,489.9",2987.310059
2019-09-30,99.38,8314.231445,181.87,"1,485.3",2983.850098
2019-10-01,99.13,8497.692383,185.75,"1,473.5",2992.530029
2019-10-02,99.02,8393.041992,181.9,"1,492.6",2924.780029
2019-10-03,98.86,8414.227539,181.07,"1,517.1",2911.129883
2019-10-04,98.81,8260.055664,179.47,"1,499.2",2953.73999
2019-10-05,98.81,8215.526367,177.13,"1,499.2",2953.73999
2019-10-06,98.81,8161.410156,177.0,"1,499.2",2953.73999
2019-10-07,98.97,8308.450195,182.6,"1,501.3",2959.75
2019-10-08,99.13,8332.714844,185.09,"1,505.9",2925.469971
2019-10-09,99.12,8627.706055,198.0,"1,507.3",2929.320068
2019-10-10,98.7,8625.272461,194.89,"1,494.8",2948.459961
2019-10-11,98.3,8721.780273,197.77,"1,479.2",2993.280029
2019-10-12,98.3,8415.242188,184.83,"1,479.2",2993.280029
2019-10-13,98.3,8470.988281,184.69,"1,479.2",2993.280029
2019-10-14,98.45,8390.208984,187.97,"1,490.6",2972.840088
2019-10-15,98.29,8410.714844,188.43,"1,487.8",3003.280029
2019-10-16,98.0,8216.8125,181.32,"1,485.1",2997.540039
2019-10-17,97.61,8134.831543,179.0,"1,492.7",3008.290039
2019-10-18,97.28,8138.413574,177.4,"1,490.0",3000.0
2019-10-19,97.28,8082.629395,175.09,"1,490.0",3000.0
2019-10-20,97.28,8281.818359,176.8,"1,490.0",3000.0
2019-10-21,97.33,8296.694336,177.9,"1,491.7",3007.330078
2019-10-22,97.53,8296.651367,175.5,"1,485.4",3014.570068
2019-10-23,97.49,8092.999512,171.49,"1,494.5",3004.780029
2019-10-24,97.63,7532.867676,163.78,"1,496.6",3016.070068
2019-10-25,97.83,8691.540039,187.78,"1,513.5",3027.389893
2019-10-26,97.83,10021.744141,199.38,"1,513.5",3027.389893
2019-10-27,97.83,9749.529297,189.12,"1,513.5",3027.389893
2019-10-28,97.76,9805.118164,189.82,"1,492.4",3044.080078
2019-10-29,97.69,9516.180664,193.0,"1,486.8",3047.870117
2019-10-30,97.65,9426.874023,192.02,"1,492.1",3050.100098
2019-10-31,97.35,9383.161133,185.33,"1,511.0",3046.899902
2019-11-01,97.24,9275.657227,184.93,"1,508.8",3066.949951
2019-11-02,97.24,9377.486328,186.27,"1,508.8",3066.949951
2019-11-03,97.24,9379.806641,185.11,"1,508.8",3066.949951
2019-11-04,97.5,9505.051758,189.43,"1,509.5",3085.199951
2019-11-05,97.98,9457.417969,192.64,"1,489.0",3083.949951
2019-11-06,97.95,9423.237305,194.79,"1,486.1",3078.340088
2019-11-07,98.14,9368.476563,192.27,"1,484.3",3097.77002
2019-11-08,98.35,9272.759766,188.1,"1,464.2",3093.090088
2019-11-09,98.35,8891.818359,185.75,"1,464.2",3093.090088
2019-11-10,98.35,9103.826172,192.12,"1,464.2",3093.090088
2019-11-11,98.2,9081.279297,189.95,"1,458.7",3088.330078
2019-11-12,98.31,8853.768555,187.16,"1,452.1",3102.610107
2019-11-13,98.37,8836.841797,189.4,"1,462.9",3098.060059
2019-11-14,98.16,8826.943359,188.42,"1,466.7",3098.199951
2019-11-15,98.0,8730.873047,186.53,"1,466.9",3120.459961
2019-11-16,98.0,8591.99707,183.43,"1,466.9",3120.459961
2019-11-17,98.0,8727.789063,186.3,"1,466.9",3120.459961
2019-11-18,97.79,8653.280273,183.93,"1,467.7",3124.169922
2019-11-19,97.86,8408.516602,178.07,"1,468.5",3127.639893
2019-11-20,97.93,8237.240234,177.25,"1,471.7",3118.969971
2019-11-21,97.99,8110.098145,175.2,"1,467.1",3110.110107
2019-11-22,98.27,7697.382813,162.34,"1,464.5",3112.870117
2019-11-23,98.27,7442.258789,154.44,"1,464.5",3112.870117
2019-11-24,98.27,7408.577148,152.82,"1,464.5",3112.870117
2019-11-25,98.32,7319.856934,151.69,"1,458.4",3133.830078
2019-11-26,98.25,7320.230469,149.99,"1,454.7",3142.689941
2019-11-27,98.37,7619.693359,155.77,"1,454.4",3154.26001
2019-11-28,98.37,7730.072754,154.79,"1,454.7",3154.26001
2019-11-29,98.27,7781.179688,157.64,"1,460.2",3150.300049
2019-11-30,98.27,7836.102051,155.51,"1,460.2",3150.300049
2019-12-01,98.27,7571.616211,152.28,"1,460.2",3150.300049
2019-12-02,97.86,7474.818848,151.68,"1,461.2",3144.310059
2019-12-03,97.74,7418.858887,149.95,"1,477.3",3094.969971
2019-12-04,97.65,7539.784668,152.36,"1,475.1",3119.379883
2019-12-05,97.41,7743.431641,148.87,"1,476.0",3119.449951
2019-12-06,97.7,7546.996582,149.85,"1,459.7",3150.600098
2019-12-07,97.7,7589.95166,149.82,"1,459.7",3150.600098
2019-12-08,97.7,7634.606445,151.99,"1,459.7",3150.600098
2019-12-09,97.64,7618.091797,151.45,"1,461.7",3148.870117
2019-12-10,97.41,7424.022949,148.16,"1,465.0",3142.120117
2019-12-11,97.08,7324.15625,146.3,"1,466.8",3143.97998
2019-12-12,97.4,7266.639648,145.47,"1,467.8",3176.280029
2019-12-13,97.17,7293.560547,145.04,"1,466.6",3182.679932
2019-12-14,97.17,7308.836426,145.0,"1,466.6",3182.679932
2019-12-15,97.17,7181.075684,144.08,"1,466.6",3182.679932
2019-12-16,97.02,7171.168945,142.46,"1,477.9",3197.709961
2019-12-17,97.22,6964.075195,132.62,"1,475.8",3198.219971
2019-12-18,97.4,7324.984863,134.94,"1,474.1",3198.47998
2019-12-19,97.38,7346.602539,134.04,"1,476.7",3205.47998
2019-12-20,97.69,7257.921875,129.4,"1,479.0",3225.649902
2019-12-21,97.69,7223.226074,128.48,"1,479.0",3225.649902
2019-12-22,97.69,7518.033203,133.37,"1,479.0",3225.649902
2019-12-23,97.66,7656.17627,135.19,"1,482.1",3227.780029
2019-12-24,97.65,7535.716797,129.49,"1,482.1",3226.429932
2019-12-25,97.65,7357.02002,127.66,"1,482.1",3226.429932
2019-12-26,97.53,7388.302734,132.0,"1,482.1",3240.080078
2019-12-27,96.92,7363.529297,126.59,"1,511.5",3247.929932
2019-12-28,96.92,7399.041016,129.5,"1,511.5",3247.929932
2019-12-29,96.92,7513.948242,137.53,"1,511.5",3247.929932
2019-12-30,96.74,7454.824219,135.77,"1,514.8",3240.919922
2019-12-31,96.39,7335.290039,133.37,"1,514.8",3231.719971
2020-01-01,96.39,7254.330566,132.57,"1,514.8",3231.719971
